Zeit1	Lauf1Units	Zeit2	Lauf2Units	Zeit3	Lauf3Units
0	-0.74494338	0	-1.12210393	0	-0.843390644
0.0012	-0.279297173	0.0008	-0.701521635	0.0008	-0.484053969
0.0024	-0.028590046	0.0016	-0.378627628	0.0016	-0.218604058
0.0036	0.019518508	0.0024	-0.146691948	0.0024	-0.038370743
0.0048	-0.070605926	0.0032	-0.003012205	0.0032	0.039045684
0.006	-0.101443917	0.004	0.03229627	0.004	-0.011715747
0.0072	-0.08941111	0.0048	-0.032729127	0.0048	-0.083079778
0.0084	-0.06134861	0.0056	-0.085389629	0.0056	-0.09735617
0.0096	-0.030707344	0.0064	-0.097602978	0.0064	-0.083254151
0.010799999	-0.011592809	0.0072	-0.084862135	0.0072	-0.059732322
0.011999999	-0.000628172	0.008	-0.065718777	0.008	-0.033665977
0.013199999	-0.000221691	0.0088	-0.04272937	0.0088	-0.017592018
0.014399999	-4.30451E-05	0.0096	-0.023830235	0.0096	-0.011250917
0.015599999	0.001317149	0.0104	-0.009368379	0.0104	-0.005918588
0.016799999	0.000623612	0.0112	-0.002988336	0.0112	0.001045699
0.017999999	0.003343879	0.012	-0.0016862	0.012	0.002030447
0.019199999	0.004217588	0.0128	-0.002619958	0.0128	-0.0013539
0.020399999	0.001434944	0.0136	-0.002138151	0.0136	-0.00228254
0.021599999	-0.001241849	0.0144	-0.002201171	0.0144	0.001710673
0.022799999	0.002872353	0.0152	2.07517E-05	0.0152	0.003385173
0.023999999	0.004834207	0.016	-0.000157028	0.016	0.000304706
0.025199999	0.003826436	0.0168	-0.000866631	0.0168	-0.000670135
0.026399999	-0.000696912	0.0176	0.000122787	0.0176	0.001448233
0.027599999	0.001774922	0.0184	-1.63905E-06	0.0184	0.0024747
0.028799999	0.002872924	0.0192	0.000335174	0.0192	0.000629643
0.029999999	0.005067046	0.019999999	0.0001979	0.019999999	0.000318749
0.031199998	0.003757897	0.020799999	0.002303422	0.020799999	0.002152651
0.032399998	0.002270608	0.021599999	0.001978669	0.021599999	0.002537353
0.033599998	0.003595459	0.022399999	0.000980484	0.022399999	0.002356506
0.034799998	0.00515517	0.023199999	0.002166069	0.023199999	0.000910966
0.035999998	0.004620747	0.023999999	0.003171491	0.023999999	0.001537738
0.037199998	0.004998895	0.024799999	0.001269239	0.024799999	0.00376552
0.038399998	0.00418524	0.025599999	9.79539E-05	0.025599999	0.004491489
0.039599998	0.006356479	0.026399999	0.001133022	0.026399999	0.003233011
0.040799998	0.00763372	0.027199999	0.004122067	0.027199999	-0.000980717
0.041999998	0.000561655	0.027999999	0.002874646	0.027999999	0.000469559
0.043199998	0.000148474	0.028799999	-0.000993801	0.028799999	0.003214471
0.044399998	0.003839369	0.029599999	-0.00146841	0.029599999	0.002976246
0.045599998	0.005491929	0.030399999	0.002813951	0.030399999	0.001648192
0.046799998	0.005000866	0.031199999	0.001936072	0.031199999	0.001555875
0.047999998	0.00514919	0.031999999	0.001238592	0.031999999	0.002183405
0.049199998	0.004615997	0.032799999	0.001763106	0.032799999	0.002818672
0.050399998	0.006039574	0.033599999	0.001507178	0.033599999	0.002215764
0.051599997	0.007572888	0.034399999	0.00113728	0.034399999	0.001125687
0.052799997	0.008313965	0.035199999	0.002501832	0.035199999	0.000368379
0.053999997	0.008211457	0.035999999	0.007560379	0.035999999	0.002165066
0.055199997	0.008477611	0.036799999	0.006749638	0.036799999	0.003683656
0.056399997	0.008584215	0.037599999	-0.000258013	0.037599999	0.004654011
0.057599997	0.011307671	0.038399999	-0.002195421	0.038399999	0.002684375
0.058799997	0.018907908	0.039199999	0.000496086	0.039199999	0.001769648
0.059999997	0.013219865	0.039999999	0.003197502	0.039999999	0.00212226
0.061199997	0.018355709	0.040799999	0.0028448	0.040799999	0.003587848
0.062399997	0.189335972	0.041599999	0.001146375	0.041599999	0.003353484
0.063599997	0.648581445	0.042399999	0.001030911	0.042399999	0.004083895
0.064799997	1.365471601	0.043199999	0.00026001	0.043199999	0.00489323
0.065999997	2.313765049	0.043999999	0.001031392	0.043999999	0.004217382
0.067199997	3.467154264	0.044799999	0.002383455	0.044799999	0.002899229
0.068399997	4.809425831	0.045599999	0.002579718	0.045599999	0.003086928
0.069599997	6.335935593	0.046399999	0.002992453	0.046399999	0.003005527
0.070799996	8.04882431	0.047199999	0.002682973	0.047199999	0.003661679
0.071999996	9.959308624	0.047999999	0.001918572	0.047999999	0.004643324
0.073199996	11.68623543	0.048799999	0.001200245	0.048799999	0.004294895
0.074399996	13.00307274	0.049599999	0.00254302	0.049599999	0.004030974
0.075599996	14.05617905	0.050399999	0.003642085	0.050399999	0.009844558
0.076799996	14.94037056	0.051199999	0.003571078	0.051199999	0.022072956
0.077999996	15.66406059	0.051999999	0.003222051	0.051999999	0.027912941
0.079199996	16.21463966	0.052799999	0.004001174	0.052799999	0.02562367
0.080399996	16.57297897	0.053599999	0.004999818	0.053599999	0.017936878
0.081599996	16.72470093	0.054399999	0.004848029	0.054399999	0.009214249
0.082799996	16.66126251	0.055199999	0.005239012	0.055199999	0.008436253
0.083999996	16.55860329	0.055999999	0.004928172	0.055999999	0.012438882
0.085199996	16.52156448	0.056799999	0.004508276	0.056799999	0.015669279
0.086399996	16.5699234	0.057599999	0.003569336	0.057599999	0.018972483
0.087599996	16.63175583	0.058399999	0.003249882	0.058399999	0.020035749
0.088799996	16.66493607	0.059199999	0.002652496	0.059199999	0.017289609
0.089999996	16.6821003	0.059999998	0.009395188	0.059999998	0.009285552
0.091199995	16.69377327	0.060799998	0.018561725	0.060799998	0.005311466
0.092399995	16.70053101	0.061599998	0.024825014	0.061599998	0.017440362
0.093599995	16.70112991	0.062399998	0.065598615	0.062399998	0.103116408
0.094799995	16.68937683	0.063199998	0.208590418	0.063199998	0.309413314
0.095999995	16.67504883	0.063999998	0.475252301	0.063999998	0.642672539
0.097199995	16.63852501	0.064799998	0.861541986	0.064799998	1.097674489
0.098399995	16.63523865	0.065599998	1.365586281	0.065599998	1.65869832
0.099599995	16.66965485	0.066399998	1.977824569	0.066399998	2.318921804
0.100799995	16.68112564	0.067199998	2.686986208	0.067199998	3.068726778
0.101999995	16.68248558	0.067999998	3.479906082	0.067999998	3.899865627
0.103199995	16.65941048	0.068799998	4.348543167	0.068799998	4.803422451
0.104399995	16.67004776	0.069599998	5.293391228	0.069599998	5.790733337
0.105599995	16.68420029	0.070399998	6.323143005	0.070399998	6.869332314
0.106799995	16.66862106	0.071199998	7.445159435	0.071199998	8.037735939
0.107999995	16.64808846	0.071999998	8.666073799	0.071999998	9.305974007
0.109199995	16.65389252	0.072799998	9.967536926	0.072799998	10.60846519
0.110399995	16.69101715	0.073599998	11.23306274	0.073599998	11.83932877
0.111599994	16.70799255	0.074399998	12.42467022	0.074399998	12.99453354
0.112799994	16.69018555	0.075199998	13.57044601	0.075199998	14.13123512
0.113999994	16.66446686	0.075999998	14.70325279	0.075999998	15.27247047
0.115199994	16.66555214	0.076799998	15.84874344	0.076799998	16.43097687
0.116399994	16.66424179	0.077599998	17.0258255	0.077599998	17.60670471
0.117599994	16.64697647	0.078399998	18.20490074	0.078399998	18.79624748
0.118799994	16.63684845	0.079199998	19.42582512	0.079199998	20.03730774
0.119999994	16.66189957	0.079999998	20.67253494	0.079999998	21.28228569
0.121199994	16.66866875	0.080799998	21.8924408	0.080799998	22.4956398
0.122399994	16.6790905	0.081599998	23.09994507	0.081599998	23.69776154
0.123599994	16.67696762	0.082399998	24.29794693	0.082399998	24.87919998
0.124799994	16.66292572	0.083199998	25.47304916	0.083199998	26.0565834
0.125999994	16.65388489	0.083999998	26.64571381	0.083999998	27.24966812
0.127199994	16.63379478	0.084799998	27.77658844	0.084799998	28.44438362
0.128399994	16.64841843	0.085599998	28.78162575	0.085599998	29.65088081
0.129599994	16.69101906	0.086399998	29.6684761	0.086399998	30.86376572
0.130799994	16.70933723	0.087199998	30.43854523	0.087199998	32.061203
0.131999993	16.69843292	0.087999998	31.10532379	0.087999998	33.28179932
0.133199993	16.67373466	0.088799998	31.68059731	0.088799998	34.4589386
0.134399993	16.66805077	0.089599998	32.17697144	0.089599998	35.64647675
0.135599993	16.67765045	0.090399998	32.58174133	0.090399998	36.83239746
0.136799993	16.64836502	0.091199998	32.8964386	0.091199998	38.04729462
0.137999993	16.62312508	0.091999998	33.1391449	0.091999998	39.25551605
0.139199993	16.63803101	0.092799998	33.29992294	0.092799998	40.44742584
0.140399993	16.68285751	0.093599998	33.36407471	0.093599998	41.64558029
0.141599993	16.70558548	0.094399998	33.33188248	0.094399998	42.83307648
0.142799993	16.68239021	0.095199998	33.27545166	0.095199998	44.00802612
0.143999993	16.65523148	0.095999998	33.23102188	0.095999998	45.08597565
0.145199993	16.64588928	0.096799998	33.21585083	0.096799998	46.03424072
0.146399993	16.65664673	0.097599998	33.23953247	0.097599998	46.83226776
0.147599993	16.66085243	0.098399998	33.27994537	0.098399998	47.53806686
0.148799993	16.65708542	0.099199997	33.31870651	0.099199997	48.14562225
0.149999993	16.67427444	0.099999997	33.33352661	0.099999997	48.66602707
0.151199993	16.68343163	0.100799997	33.33035278	0.100799997	49.10691071
0.152399992	16.68635559	0.101599997	33.33605194	0.101599997	49.45816422
0.153599992	16.67437363	0.102399997	33.341362	0.102399997	49.71237183
0.154799992	16.66379547	0.103199997	33.34280396	0.103199997	49.90925217
0.155999992	16.65501213	0.103999997	33.35289383	0.103999997	49.9998703
0.157199992	16.63165283	0.104799997	33.35058212	0.104799997	50.00695801
0.158399992	16.62815666	0.105599997	33.32943726	0.105599997	49.95269775
0.159599992	16.66272354	0.106399997	33.32917786	0.106399997	49.90388489
0.160799992	16.67917824	0.107199997	33.3469696	0.107199997	49.87248611
0.161999992	16.68237686	0.107999997	33.36555099	0.107999997	49.8574295
0.163199992	16.66318703	0.108799997	33.36048889	0.108799997	49.88685989
0.164399992	16.67583466	0.109599997	33.35494232	0.109599997	49.94128799
0.165599992	16.69015884	0.110399997	33.34518051	0.110399997	49.98083496
0.166799992	16.67702484	0.111199997	33.33600616	0.111199997	50.02071762
0.167999992	16.65469742	0.111999997	33.3347168	0.111999997	50.03771973
0.169199992	16.65357971	0.112799997	33.34515381	0.112799997	50.04911041
0.170399992	16.68953705	0.113599997	33.35620117	0.113599997	50.05281448
0.171599992	16.70347595	0.114399997	33.34841156	0.114399997	50.0537262
0.172799991	16.6832428	0.115199997	33.3319931	0.115199997	50.03905869
0.173999991	16.65732002	0.115999997	33.32537079	0.115999997	50.04189301
0.175199991	16.65631485	0.116799997	33.33142853	0.116799997	50.05186844
0.176399991	16.6623497	0.117599997	33.32592773	0.117599997	50.05022049
0.177599991	16.65064812	0.118399997	33.34240723	0.118399997	50.02547455
0.178799991	16.64652443	0.119199997	33.34754181	0.119199997	50.02119064
0.179999991	16.66565895	0.119999997	33.34266663	0.119999997	50.01612473
0.181199991	16.67599297	0.120799997	33.3237381	0.120799997	50.01512909
0.182399991	16.68640327	0.121599997	33.32611847	0.121599997	49.98989105
0.183599991	16.68153191	0.122399997	33.32902527	0.122399997	49.99451447
0.184799991	16.67059708	0.123199997	33.3278923	0.123199997	50.00377655
0.185999991	16.65775299	0.123999997	33.33095551	0.123999997	50.01352692
0.187199991	16.62807846	0.124799997	33.33839798	0.124799997	50.00650024
0.188399991	16.63974953	0.125599997	33.32544327	0.125599997	49.9962616
0.189599991	16.66657448	0.126399997	33.32407379	0.126399997	49.9985199
0.190799991	16.68786621	0.127199997	33.33367157	0.127199997	50.007164
0.19199999	16.68280792	0.127999997	33.34763336	0.127999997	49.98810959
0.19319999	16.66197205	0.128799997	33.35258102	0.128799997	49.9929657
0.19439999	16.66393471	0.129599997	33.35350418	0.129599997	49.9884491
0.19559999	16.67831421	0.130399997	33.3384552	0.130399997	49.98904419
0.19679999	16.65369415	0.131199997	33.32360077	0.131199997	49.98603821
0.19799999	16.63310623	0.131999997	33.32509613	0.131999997	49.97417831
0.19919999	16.65544891	0.132799997	33.32737732	0.132799997	49.99357224
0.20039999	16.69400406	0.133599997	33.32653046	0.133599997	50.00591278
0.20159999	16.70703506	0.134399997	33.33009338	0.134399997	50.01514435
0.20279999	16.67366409	0.135199997	33.32729721	0.135199997	50.00736237
0.20399999	16.65517807	0.135999997	33.31337738	0.135999997	50.00515747
0.20519999	16.6487999	0.136799997	33.31684875	0.136799997	50.00578308
0.20639999	16.65899658	0.137599997	33.33457565	0.137599997	49.98378372
0.20759999	16.66255188	0.138399997	33.33532715	0.138399997	49.96330261
0.20879999	16.65253067	0.139199996	33.33721924	0.139199996	49.98019791
0.20999999	16.66558456	0.139999996	33.33592224	0.139999996	49.98596954
0.21119999	16.67882729	0.140799996	33.32116318	0.140799996	49.99131775
0.212399989	16.69345856	0.141599996	33.31212616	0.141599996	49.98532867
0.213599989	16.68980789	0.142399996	33.32468414	0.142399996	49.98352051
0.214799989	16.68468475	0.143199996	33.33742905	0.143199996	50.00795746
0.215999989	16.67148018	0.143999996	33.34432983	0.143999996	50.00646973
0.217199989	16.63463783	0.144799996	33.33763123	0.144799996	49.99514389
0.218399989	16.62794495	0.145599996	33.32387543	0.145599996	49.99378204
0.219599989	16.66084671	0.146399996	33.31115341	0.146399996	50.00415802
0.220799989	16.68101692	0.147199996	33.31172562	0.147199996	50.0075531
0.221999989	16.67940331	0.147999996	33.32351685	0.147999996	49.99272537
0.223199989	16.65734291	0.148799996	33.34208679	0.148799996	49.99542999
0.224399989	16.66320038	0.149599996	33.34572601	0.149599996	50.00153351
0.225599989	16.67483902	0.150399996	33.32836151	0.150399996	50.00128937
0.226799989	16.66140366	0.151199996	33.31570816	0.151199996	49.99799728
0.227999989	16.64656639	0.151999996	33.32408142	0.151999996	49.98685455
0.229199989	16.66175461	0.152799996	33.34033585	0.152799996	49.98732758
0.230399989	16.69369125	0.153599996	33.32966995	0.153599996	49.98792267
0.231599989	16.70786667	0.154399996	33.33789825	0.154399996	49.98286438
0.232799988	16.68039322	0.155199996	33.33855438	0.155199996	49.98195648
0.233999988	16.65633774	0.155999996	33.32900238	0.155999996	49.97344971
0.235199988	16.653965	0.156799996	33.33111572	0.156799996	49.98347473
0.236399988	16.65655136	0.157599996	33.3425827	0.157599996	49.98827744
0.237599988	16.65493584	0.158399996	33.34582138	0.158399996	49.96656036
0.238799988	16.65131378	0.159199996	33.35625839	0.159199996	49.97937775
0.239999988	16.66986465	0.159999996	33.34917068	0.159999996	49.98490906
0.241199988	16.67366219	0.160799996	33.32405853	0.160799996	50.00571823
0.242399988	16.67572403	0.161599996	33.32280731	0.161599996	49.98879242
0.243599988	16.66361618	0.162399996	33.32347107	0.162399996	49.98421478
0.244799988	16.66178513	0.163199996	33.32598114	0.163199996	50.00009537
0.245999988	16.64832687	0.163999996	33.32052994	0.163999996	50.00588226
0.247199988	16.63685799	0.164799996	33.32633209	0.164799996	49.9910202
0.248399988	16.65945435	0.165599996	33.31851196	0.165599996	49.98272324
0.249599988	16.69750595	0.166399996	33.31048203	0.166399996	49.98509216
0.250799988	16.71259308	0.167199996	33.33670044	0.167199996	49.99462891
0.251999988	16.69609451	0.167999996	33.35111618	0.167999996	49.99079132
0.253199987	16.66413498	0.168799996	33.34544373	0.168799996	49.98792267
0.254399987	16.66953278	0.169599996	33.34991455	0.169599996	49.99729919
0.255599987	16.68210411	0.170399996	33.3335495	0.170399996	49.99050903
0.256799987	16.65806961	0.171199996	33.30730438	0.171199996	49.97695541
0.257999987	16.62724304	0.171999996	33.30929565	0.171999996	49.96882629
0.259199987	16.62874031	0.172799996	33.3286972	0.172799996	49.97740555
0.260399987	16.66820145	0.173599996	33.32748413	0.173599996	49.97348022
0.261599987	16.69235229	0.174399996	33.32962799	0.174399996	49.97049713
0.262799987	16.68175125	0.175199996	33.33487701	0.175199996	49.96011353
0.263999987	16.66447639	0.175999996	33.33547592	0.175999996	49.96100998
0.265199987	16.6558094	0.176799996	33.34007645	0.176799996	49.98334503
0.266399987	16.66413116	0.177599996	33.34018707	0.177599996	49.97359467
0.267599987	16.65692139	0.178399995	33.34259033	0.178399995	49.9646759
0.268799987	16.65335083	0.179199995	33.34209442	0.179199995	49.98560333
0.269999987	16.67325592	0.179999995	33.33467102	0.179999995	49.99949265
0.271199987	16.6833725	0.180799995	33.31290817	0.180799995	50.00765228
0.272399987	16.69004059	0.181599995	33.29920578	0.181599995	49.99925995
0.273599986	16.68217468	0.182399995	33.29927063	0.182399995	50.00118256
0.274799986	16.67026329	0.183199995	33.31939316	0.183199995	50.01200867
0.275999986	16.65550232	0.183999995	33.31935501	0.183999995	50.00152588
0.277199986	16.62542725	0.184799995	33.33069611	0.184799995	49.99179077
0.278399986	16.63378143	0.185599995	33.33988953	0.185599995	49.98006058
0.279599986	16.66602135	0.186399995	33.32609558	0.186399995	49.98220444
0.280799986	16.67973709	0.187199995	33.33600616	0.187199995	49.99885178
0.281999986	16.6727581	0.187999995	33.33750153	0.187999995	49.99997711
0.283199986	16.6568203	0.188799995	33.34415436	0.188799995	50.00320435
0.284399986	16.66643143	0.189599995	33.34477234	0.189599995	50.01204681
0.285599986	16.68225098	0.190399995	33.32834625	0.190399995	50.0106926
0.286799986	16.66365623	0.191199995	33.3075943	0.191199995	49.99797821
0.287999986	16.6473999	0.191999995	33.30862427	0.191999995	49.97409058
0.289199986	16.6567955	0.192799995	33.31446457	0.192799995	49.97850037
0.290399986	16.6851387	0.193599995	33.32556152	0.193599995	49.97898865
0.291599986	16.69778442	0.194399995	33.3370285	0.194399995	49.98188782
0.292799986	16.68650818	0.195199995	33.32769775	0.195199995	49.98199463
0.293999985	16.6595993	0.195999995	33.30772018	0.195999995	49.99851227
0.295199985	16.66789818	0.196799995	33.31110382	0.196799995	50.00828171
0.296399985	16.67007065	0.197599995	33.33312225	0.197599995	50.00364685
0.297599985	16.64566803	0.198399995	33.34729004	0.198399995	49.98739624
0.298799985	16.63034058	0.199199995	33.3356781	0.199199995	49.9888382
0.299999985	16.64885712	0.199999995	33.34186172	0.199999995	49.98501587
0.301199985	16.66320419	0.200799995	33.32061005	0.200799995	49.98596191
0.302399985	16.6670723	0.201599995	33.30514526	0.201599995	49.98506165
0.303599985	16.6726532	0.202399995	33.32206726	0.202399995	49.98918915
0.304799985	16.66490173	0.203199995	33.33634186	0.203199995	49.991642
0.305999985	16.66588974	0.203999995	33.3497963	0.203999995	49.99939728
0.307199985	16.6408577	0.204799995	33.33861542	0.204799995	49.99256897
0.308399985	16.64437103	0.205599995	33.32186127	0.205599995	49.98536301
0.309599985	16.67039871	0.206399995	33.3105545	0.206399995	49.99422455
0.310799985	16.68597794	0.207199995	33.31304932	0.207199995	50.00457764
0.311999985	16.68610001	0.207999995	33.32623291	0.207999995	49.99814606
0.313199984	16.66702652	0.208799995	33.33232117	0.208799995	50.00111389
0.314399984	16.67744827	0.209599995	33.34472656	0.209599995	50.00254822
0.315599984	16.68593216	0.210399995	33.320961	0.210399995	50.00258255
0.316799984	16.65936852	0.211199995	33.30730057	0.211199995	50.00117874
0.317999984	16.63215637	0.211999995	33.30200195	0.211999995	49.97462463
0.319199984	16.63703346	0.212799995	33.3154068	0.212799995	49.9862709
0.320399984	16.67668533	0.213599995	33.32210541	0.213599995	49.9907608
0.321599984	16.69696045	0.214399995	33.32337952	0.214399995	49.98692322
0.322799984	16.68962669	0.215199995	33.32355499	0.215199995	49.98548508
0.323999984	16.67461014	0.215999995	33.31046295	0.215999995	49.98262024
0.325199984	16.65663528	0.216799995	33.30577087	0.216799995	49.99466705
0.326399984	16.65805817	0.217599995	33.31962204	0.217599995	49.98257828
0.327599984	16.64726639	0.218399994	33.32487488	0.218399994	49.95648956
0.328799984	16.65645599	0.219199994	33.3230896	0.219199994	49.97445679
0.329999984	16.6710453	0.219999994	33.31905746	0.219999994	49.98247528
0.331199984	16.67425156	0.220799994	33.31135559	0.220799994	49.99553299
0.332399984	16.68320274	0.221599994	33.32339859	0.221599994	50.00028992
0.333599983	16.68371773	0.222399994	33.32546234	0.222399994	49.98992538
0.334799983	16.66894913	0.223199994	33.32521057	0.223199994	50.00617981
0.335999983	16.65356827	0.223999994	33.32826233	0.223999994	50.01794434
0.337199983	16.61526871	0.224799994	33.32236099	0.224799994	50.00024033
0.338399983	16.61845016	0.225599994	33.31971741	0.225599994	49.99929047
0.339599983	16.66001129	0.226399994	33.32165527	0.226399994	50.00490189
0.340799983	16.67873001	0.227199994	33.34125137	0.227199994	50.00591278
0.341999983	16.67007446	0.227999994	33.35959625	0.227999994	49.98531342
0.343199983	16.64720917	0.228799994	33.35328293	0.228799994	49.97809219
0.344399983	16.65793228	0.229599994	33.34433746	0.229599994	49.98524857
0.345599983	16.67510223	0.230399994	33.32883453	0.230399994	49.98403168
0.346799983	16.66321373	0.231199994	33.3127594	0.231199994	49.98505402
0.347999983	16.63314629	0.231999994	33.31429291	0.231999994	49.98085022
0.349199983	16.64052773	0.232799994	33.33520508	0.232799994	49.99076843
0.350399983	16.68430519	0.233599994	33.33605576	0.233599994	49.98052216
0.351599983	16.70336914	0.234399994	33.33574677	0.234399994	49.98942566
0.352799983	16.68343925	0.235199994	33.32789612	0.235199994	49.98772812
0.353999982	16.66807556	0.235999994	33.31629944	0.235999994	49.98506165
0.355199982	16.66432953	0.236799994	33.31993484	0.236799994	49.9936676
0.356399982	16.65614128	0.237599994	33.33355713	0.237599994	49.99201584
0.357599982	16.63972664	0.238399994	33.33405304	0.238399994	49.97822189
0.358799982	16.63653564	0.239199994	33.34922028	0.239199994	49.9875679
0.359999982	16.66429329	0.239999994	33.35814667	0.239999994	49.99477386
0.361199982	16.67865562	0.240799994	33.34539795	0.240799994	50.00292587
0.362399982	16.68568039	0.241599994	33.33196259	0.241599994	49.9859848
0.363599982	16.67167282	0.242399994	33.32540512	0.242399994	49.98804474
0.364799982	16.66884232	0.243199994	33.32382965	0.243199994	50.00518799
0.365999982	16.66236877	0.243999994	33.32453918	0.243999994	50.00556946
0.367199982	16.64501572	0.244799994	33.31775665	0.244799994	50.00023651
0.368399982	16.64913368	0.245599994	33.31676865	0.245599994	49.99008942
0.369599982	16.68335342	0.246399994	33.3114624	0.246399994	49.99158859
0.370799982	16.70214653	0.247199994	33.31812286	0.247199994	49.99944687
0.371999982	16.69625854	0.247999994	33.33791351	0.247999994	49.99157715
0.373199982	16.65917969	0.248799994	33.35110474	0.248799994	49.98522949
0.374399981	16.66470337	0.249599994	33.34105682	0.249599994	49.99263382
0.375599981	16.6693306	0.250399994	33.32830048	0.250399994	49.99501801
0.376799981	16.64015388	0.251199994	33.32259369	0.251199994	49.99054718
0.377999981	16.63327789	0.251999994	33.31247711	0.251999994	49.9744339
0.379199981	16.64853668	0.252799994	33.31612015	0.252799994	49.9797287
0.380399981	16.69232941	0.253599994	33.32582855	0.253599994	49.98231506
0.381599981	16.70141792	0.254399994	33.32615662	0.254399994	49.98326111
0.382799981	16.67428589	0.255199994	33.32464218	0.255199994	49.98667145
0.383999981	16.66050339	0.255999994	33.31729126	0.255999994	49.99448395
0.385199981	16.65758133	0.256799994	33.33240509	0.256799994	49.99274445
0.386399981	16.67045784	0.257599993	33.34480286	0.257599993	49.99332809
0.387599981	16.66184616	0.258399993	33.3643074	0.258399993	49.96840286
0.388799981	16.66463089	0.259199993	33.35689545	0.259199993	49.97801208
0.389999981	16.67388535	0.259999993	33.33280182	0.259999993	49.99056244
0.391199981	16.67304993	0.260799993	33.31219482	0.260799993	50.00748444
0.392399981	16.67789841	0.261599993	33.29999161	0.261599993	49.99875641
0.393599981	16.67479706	0.262399993	33.3163147	0.262399993	50.00379944
0.39479998	16.67910194	0.263199993	33.33728027	0.263199993	50.01220703
0.39599998	16.66816711	0.263999993	33.33512115	0.263999993	50.00319672
0.39719998	16.63455772	0.264799993	33.32637405	0.264799993	49.99573898
0.39839998	16.63043976	0.265599993	33.32575989	0.265599993	49.97462463
0.39959998	16.66312408	0.266399993	33.33641815	0.266399993	49.99093628
0.40079998	16.68491364	0.267199993	33.34370422	0.267199993	50.01630402
0.40199998	16.67285156	0.267999993	33.35707855	0.267999993	50.00665283
0.40319998	16.65128136	0.268799993	33.36533356	0.268799993	50.01381683
0.40439998	16.66318512	0.269599993	33.35790634	0.269599993	50.01753235
0.40559998	16.68402672	0.270399993	33.32450867	0.270399993	49.99690247
0.40679998	16.66966057	0.271199993	33.29984283	0.271199993	49.99336243
0.40799998	16.64281082	0.271999993	33.29717255	0.271999993	49.97053909
0.40919998	16.65039825	0.272799993	33.31018829	0.272799993	49.98387146
0.41039998	16.68788147	0.273599993	33.32094955	0.273599993	49.98256683
0.41159998	16.70363617	0.274399993	33.32116699	0.274399993	49.99446869
0.41279998	16.6846447	0.275199993	33.33817673	0.275199993	49.99767303
0.41399998	16.66148376	0.275999993	33.33556366	0.275999993	49.99700928
0.415199979	16.65560913	0.276799993	33.32446289	0.276799993	50.00094223
0.416399979	16.66270638	0.277599993	33.33672714	0.277599993	49.99242401
0.417599979	16.65797234	0.278399993	33.35135651	0.278399993	49.96521759
0.418799979	16.6464119	0.279199993	33.34884644	0.279199993	49.97277832
0.419999979	16.658638	0.279999993	33.34160233	0.279999993	49.97642517
0.421199979	16.67190742	0.280799993	33.31982422	0.280799993	49.98991394
0.422399979	16.6755085	0.281599993	33.30582428	0.281599993	49.97831726
0.423599979	16.66614151	0.282399993	33.30490112	0.282399993	49.98191833
0.424799979	16.66727448	0.283199993	33.3045845	0.283199993	49.99660873
0.425999979	16.65985489	0.283999993	33.31348419	0.283999993	49.99275208
0.427199979	16.63449478	0.284799993	33.32032013	0.284799993	49.98067093
0.428399979	16.63999557	0.285599993	33.32268524	0.285599993	49.96302795
0.429599979	16.67956543	0.286399993	33.32591248	0.286399993	49.98184204
0.430799979	16.69285202	0.287199993	33.33460999	0.287199993	49.9864502
0.431999979	16.68345261	0.287999993	33.33940125	0.287999993	49.9814949
0.433199979	16.66295052	0.288799993	33.3376503	0.288799993	49.98557281
0.434399978	16.67423248	0.289599993	33.33193207	0.289599993	49.98004532
0.435599978	16.68461227	0.290399993	33.32312775	0.290399993	49.98348999
0.436799978	16.66012955	0.291199993	33.3125	0.291199993	49.98812866
0.437999978	16.63247681	0.291999993	33.3110733	0.291999993	49.97092819
0.439199978	16.64391708	0.292799993	33.33086014	0.292799993	49.99094009
0.440399978	16.67734909	0.293599993	33.32807922	0.293599993	49.98580933
0.441599978	16.69648361	0.294399993	33.33038712	0.294399993	49.98039627
0.442799978	16.68649101	0.295199993	33.32553864	0.295199993	49.97747803
0.443999978	16.67166519	0.295999993	33.31893921	0.295999993	49.97753906
0.445199978	16.66164017	0.296799993	33.32447052	0.296799993	50.00014496
0.446399978	16.67007446	0.297599992	33.33623505	0.297599992	49.99589539
0.447599978	16.66552734	0.298399992	33.33735657	0.298399992	49.97592163
0.448799978	16.65857506	0.299199992	33.35311127	0.299199992	49.98895264
0.449999978	16.67207336	0.299999992	33.35454559	0.299999992	49.98370361
0.451199978	16.66807175	0.300799992	33.32914352	0.300799992	49.98585129
0.452399978	16.67935562	0.301599992	33.31583023	0.301599992	49.95434952
0.453599978	16.68122482	0.302399992	33.31589127	0.302399992	49.86372757
0.454799977	16.67685509	0.303199992	33.3265419	0.303199992	49.67449188
0.455999977	16.66322899	0.303999992	33.3225174	0.303999992	49.35707855
0.457199977	16.62524414	0.304799992	33.33040237	0.304799992	48.90900803
0.458399977	16.62382507	0.305599992	33.32684326	0.305599992	48.3499527
0.459599977	16.65897369	0.306399992	33.31713104	0.306399992	47.69400787
0.460799977	16.6737709	0.307199992	33.32637787	0.307199992	46.94551086
0.461999977	16.67779922	0.307999992	33.34896851	0.307999992	46.07949448
0.463199977	16.66128922	0.308799992	33.3527298	0.308799992	45.14097595
0.464399977	16.67494965	0.309599992	33.33608246	0.309599992	44.14352417
0.465599977	16.68770599	0.310399992	33.32507324	0.310399992	43.0643959
0.466799977	16.67840576	0.311199992	33.31699371	0.311199992	41.89374161
0.467999977	16.63941574	0.311999992	33.31774139	0.311999992	40.6436348
0.469199977	16.63106537	0.312799992	33.32134247	0.312799992	39.3900528
0.470399977	16.67205429	0.313599992	33.32572937	0.313599992	38.18882751
0.471599977	16.69601631	0.314399992	33.32544327	0.314399992	37.01812363
0.472799977	16.67978096	0.315199992	33.33058167	0.315199992	35.84967422
0.473999977	16.66319847	0.315999992	33.32274628	0.315999992	34.66765594
0.475199976	16.66198349	0.316799992	33.32927704	0.316799992	33.50078583
0.476399976	16.65875626	0.317599992	33.34918213	0.317599992	32.30892944
0.477599976	16.64422607	0.318399992	33.35461426	0.318399992	31.15792465
0.478799976	16.63908768	0.319199992	33.35131454	0.319199992	29.98080444
0.479999976	16.66194153	0.319999992	33.34422302	0.319999992	28.78889084
0.481199976	16.67892838	0.320799992	33.32221985	0.320799992	27.55381203
0.482399976	16.68086433	0.321599992	33.31227112	0.321599992	26.319561
0.483599976	16.67468643	0.322399992	33.31521225	0.322399992	25.11194611
0.484799976	16.66526413	0.323199992	33.32587433	0.323199992	23.88457108
0.485999976	16.66238403	0.323999992	33.32815552	0.323999992	22.70444107
0.487199976	16.64081192	0.324799992	33.3289566	0.324799992	21.54190063
0.488399976	16.65115929	0.325599992	33.31959152	0.325599992	20.34556389
0.489599976	16.68260574	0.326399992	33.31866837	0.326399992	19.14884567
0.490799976	16.68998528	0.327199992	33.33246994	0.327199992	17.95856094
0.491999976	16.68011665	0.327999992	33.33433914	0.327999992	16.73738289
0.493199976	16.66038132	0.328799992	33.34412384	0.328799992	15.48825455
0.494399976	16.66416931	0.329599992	33.3622818	0.329599992	14.27292728
0.495599975	16.6755085	0.330399992	33.34080505	0.330399992	13.08917046
0.496799975	16.6675415	0.331199992	33.32157135	0.331199992	11.91252708
0.497999975	16.63832855	0.331999992	33.33041382	0.331999992	10.70633125
0.499199975	16.63841438	0.332799992	33.32669449	0.332799992	9.480369568
0.500399975	16.67074585	0.333599992	33.31510162	0.333599992	8.280796051
0.501599975	16.68927765	0.334399992	33.31700134	0.334399992	7.104422092
0.502799975	16.67514038	0.335199992	33.32036972	0.335199992	5.965763092
0.503999975	16.6594429	0.335999992	33.32707214	0.335999992	4.929979801
0.505199975	16.65914154	0.336799991	33.32514572	0.336799991	4.014769077
0.506399975	16.66812134	0.337599991	33.32607651	0.337599991	3.204389095
0.507599975	16.65846443	0.338399991	33.32775879	0.338399991	2.48089695
0.508799975	16.65156364	0.339199991	33.33580399	0.339199991	1.844996691
0.509999975	16.6673317	0.339999991	33.33847809	0.339999991	1.292699575
0.511199975	16.67956161	0.340799991	33.3276825	0.340799991	0.830573559
0.512399975	16.68879318	0.341599991	33.31517792	0.341599991	0.4622702
0.513599975	16.68470764	0.342399991	33.30988312	0.342399991	0.188986242
0.514799975	16.68609619	0.343199991	33.32003021	0.343199991	0.015266847
0.515999974	16.67542267	0.343999991	33.32107544	0.343999991	-0.043116007
0.517199974	16.63849258	0.344799991	33.33105469	0.344799991	0.018343827
0.518399974	16.62620163	0.345599991	33.32514954	0.345599991	0.080485858
0.519599974	16.65680504	0.346399991	33.32328415	0.346399991	0.087936699
0.520799974	16.67769051	0.347199991	33.33785248	0.347199991	0.065976128
0.521999974	16.67633057	0.347999991	33.36086273	0.347999991	0.043499827
0.523199974	16.65194702	0.348799991	33.36371613	0.348799991	0.022704922
0.524399974	16.65031052	0.349599991	33.35605621	0.349599991	0.006597211
0.525599974	16.67139244	0.350399991	33.33233643	0.350399991	-0.001832162
0.526799974	16.66501617	0.351199991	33.30909348	0.351199991	3.45015E-05
0.527999974	16.64669037	0.351999991	33.30734253	0.351999991	-0.000100289
0.529199974	16.65691757	0.352799991	33.32244873	0.352799991	-0.002483586
0.530399974	16.6989212	0.353599991	33.32846069	0.353599991	-0.000918909
0.531599974	16.71424866	0.354399991	33.33183289	0.354399991	0.001004276
0.532799974	16.69240761	0.355199991	33.33790207	0.355199991	-0.000971001
0.533999974	16.67004967	0.355999991	33.33958435	0.355999991	-0.003739412
0.535199973	16.65309525	0.356799991	33.35391998	0.356799991	-0.00195666
0.536399973	16.65402603	0.357599991	33.35571289	0.357599991	3.60336E-05
0.537599973	16.65024376	0.358399991	33.36144257	0.358399991	-0.001329539
0.538799973	16.65122223	0.359199991	33.35012817	0.359199991	-0.003836326
0.539999973	16.66571045	0.359999991	33.33566666	0.359999991	-0.001469116
0.541199973	16.68230438	0.360799991	33.30213928	0.360799991	-0.001973091
0.542399973	16.68363762	0.361599991	33.29583359	0.361599991	-0.00318737
0.543599973	16.67022705	0.362399991	33.31038666	0.362399991	-0.003309828
0.544799973	16.66264725	0.363199991	33.32496643	0.363199991	-0.001603848
0.545999973	16.65006256	0.363999991	33.33661652	0.363999991	-7.10825E-06
0.547199973	16.63623238	0.364799991	33.34828186	0.364799991	-0.001937595
0.548399973	16.65117264	0.365599991	33.32593918	0.365599991	-0.004321365
0.549599973	16.68666458	0.366399991	33.31739044	0.366399991	-0.002374874
0.550799973	16.70355988	0.367199991	33.32115173	0.367199991	-0.001964509
0.551999973	16.69870758	0.367999991	33.33415222	0.367999991	-0.005552392
0.553199973	16.67185211	0.368799991	33.34603119	0.368799991	-0.00766722
0.554399973	16.66941071	0.369599991	33.34675217	0.369599991	-0.008479262
0.555599972	16.68108559	0.370399991	33.33811951	0.370399991	-0.005419397
0.556799972	16.65111351	0.371199991	33.32301331	0.371199991	-0.004231641
0.557999972	16.6240387	0.371999991	33.31974792	0.371999991	-0.004967656
0.559199972	16.63327408	0.372799991	33.32131958	0.372799991	-0.007658614
0.560399972	16.66784668	0.373599991	33.31984711	0.373599991	-0.010834971
0.561599972	16.70111084	0.374399991	33.32151794	0.374399991	-0.010986926
0.562799972	16.70051384	0.375199991	33.32912064	0.375199991	-0.004626177
0.563999972	16.67331696	0.375999991	33.31438446	0.375999991	-0.001537108
0.565199972	16.65503883	0.37679999	33.32253647	0.37679999	-0.002592014
0.566399972	16.66247177	0.37759999	33.34504318	0.37759999	-0.003496136
0.567599972	16.65296555	0.37839999	33.33734894	0.37839999	-0.005266277
0.568799972	16.65363312	0.37919999	33.33750153	0.37919999	-0.008161565
0.569999972	16.66943359	0.37999999	33.33719635	0.37999999	-0.010875719
0.571199972	16.68402672	0.38079999	33.31348419	0.38079999	-0.012237445
0.572399972	16.69556808	0.38159999	33.30583954	0.38159999	-0.013421514
0.573599972	16.68477631	0.38239999	33.30696869	0.38239999	-0.013663156
0.574799972	16.67305374	0.38319999	33.31905365	0.38319999	-0.014237053
0.575999971	16.6579628	0.38399999	33.32047272	0.38399999	-0.014123909
0.577199971	16.62405396	0.38479999	33.3057785	0.38479999	-0.010689571
0.578399971	16.62815094	0.38559999	33.3037529	0.38559999	-0.007252549
0.579599971	16.66794205	0.38639999	33.30813599	0.38639999	-0.007149493
0.580799971	16.69080353	0.38719999	33.31006622	0.38719999	-0.007068547
0.581999971	16.67817307	0.38799999	33.33045959	0.38799999	-0.007110054
0.583199971	16.65517044	0.38879999	33.33594513	0.38879999	-0.008518945
0.584399971	16.66447449	0.38959999	33.34705353	0.38959999	-0.010069177
0.585599971	16.68820953	0.39039999	33.33765411	0.39039999	-0.011106702
0.586799971	16.66976738	0.39119999	33.31498337	0.39119999	-0.01498997
0.587999971	16.63088226	0.39199999	33.31758881	0.39199999	-0.015782155
0.589199971	16.63298416	0.39279999	33.323349	0.39279999	-0.014350863
0.590399971	16.67869186	0.39359999	33.32692337	0.39359999	-0.013134507
0.591599971	16.69781494	0.39439999	33.33671188	0.39439999	-0.014334397
0.592799971	16.68177032	0.39519999	33.33872986	0.39519999	-0.012975154
0.593999971	16.66165352	0.39599999	33.32142258	0.39599999	-0.00864337
0.595199971	16.63395309	0.39679999	33.32313538	0.39679999	-0.007022216
0.59639997	16.64710808	0.39759999	33.32422638	0.39759999	-0.007610072
0.59759997	16.64731216	0.39839999	33.33743668	0.39839999	-0.009118303
0.59879997	16.65134621	0.39919999	33.33987427	0.39919999	-0.010507106
0.59999997	16.66889763	0.39999999	33.3343277	0.39999999	-0.011478662
0.60119997	16.67536926	0.40079999	33.31643677	0.40079999	-0.052880794
0.60239997	16.67963982	0.40159999	33.31100464	0.40159999	-0.203138933
0.60359997	16.67045403	0.40239999	33.31658173	0.40239999	-0.475116462
0.60479997	16.66568375	0.40319999	33.32010269	0.40319999	-0.863181949
0.60599997	16.65639114	0.40399999	33.32580566	0.40399999	-1.370596886
0.60719997	16.6356163	0.40479999	33.32635117	0.40479999	-1.989658117
0.60839997	16.65415573	0.40559999	33.31669617	0.40559999	-2.702012539
0.60959997	16.69585419	0.40639999	33.31406403	0.40639999	-3.494125843
0.61079997	16.71318817	0.40719999	33.3214798	0.40719999	-4.358418941
0.61199997	16.70271301	0.40799999	33.33799362	0.40799999	-5.301664352
0.61319997	16.67086983	0.40879999	33.33921051	0.40879999	-6.335804939
0.61439997	16.66531944	0.40959999	33.3428154	0.40959999	-7.452227592
0.61559997	16.67671394	0.41039999	33.33671951	0.41039999	-8.652545929
0.616799969	16.66071701	0.41119999	33.31347275	0.41119999	-9.923086166
0.617999969	16.6356926	0.41199999	33.3045578	0.41199999	-11.18167877
0.619199969	16.64836121	0.41279999	33.32823944	0.41279999	-12.38614273
0.620399969	16.68091011	0.41359999	33.33554459	0.41359999	-13.54842377
0.621599969	16.70642662	0.41439999	33.32666016	0.41439999	-14.70475388
0.622799969	16.68463898	0.41519999	33.3262558	0.41519999	-15.86232281
0.623999969	16.66188049	0.415999989	33.30927277	0.415999989	-17.04778671
0.625199969	16.6514473	0.416799989	33.31521606	0.416799989	-18.23494911
0.626399969	16.65637207	0.417599989	33.32688904	0.417599989	-19.43467712
0.627599969	16.65840149	0.418399989	33.33372879	0.418399989	-20.62686539
0.628799969	16.66376114	0.419199989	33.34277344	0.419199989	-21.80258179
0.629999969	16.68756294	0.419999989	33.33874512	0.419999989	-22.99896049
0.631199969	16.68788338	0.420799989	33.32231903	0.420799989	-24.22992516
0.632399969	16.68809891	0.421599989	33.30808258	0.421599989	-25.46297646
0.633599969	16.68016815	0.422399989	33.27075958	0.422399989	-26.69207001
0.634799969	16.6774025	0.423199989	33.12414551	0.423199989	-27.88722992
0.635999969	16.65661621	0.423999989	32.85403824	0.423999989	-29.0399704
0.637199968	16.61864853	0.424799989	32.46718979	0.424799989	-30.22898865
0.638399968	16.62564087	0.425599989	31.94280624	0.425599989	-31.4066124
0.639599968	16.66249847	0.426399989	31.31214142	0.426399989	-32.61834717
0.640799968	16.68114281	0.427199989	30.60460281	0.427199989	-33.83473206
0.641999968	16.6807251	0.427999989	29.83405304	0.427999989	-35.06546783
0.643199968	16.65335274	0.428799989	28.96619797	0.428799989	-36.30110168
0.644399968	16.66119003	0.429599989	28.00973892	0.429599989	-37.48840332
0.645599968	16.67658806	0.430399989	26.94600487	0.430399989	-38.65655136
0.646799968	16.66684341	0.431199989	25.81555176	0.431199989	-39.85723114
0.647999968	16.64200974	0.431999989	24.60325432	0.431999989	-41.06423187
0.649199968	16.651577	0.432799989	23.33926582	0.432799989	-42.27474594
0.650399968	16.69160461	0.433599989	22.13401031	0.433599989	-43.45983887
0.651599968	16.70318604	0.434399989	20.95086288	0.434399989	-44.55410767
0.652799968	16.6853714	0.435199989	19.77571106	0.435199989	-45.55685806
0.653999968	16.6566124	0.435999989	18.62160492	0.435999989	-46.44211578
0.655199968	16.65474319	0.436799989	17.44909668	0.436799989	-47.21743774
0.656399967	16.66138077	0.437599989	16.23923874	0.437599989	-47.8639183
0.657599967	16.65557098	0.438399989	15.01773167	0.438399989	-48.41682816
0.658799967	16.64553452	0.439199989	13.82654762	0.439199989	-48.90042877
0.659999967	16.65680504	0.439999989	12.65114594	0.439999989	-49.29573441
0.661199967	16.66587257	0.440799989	11.46353149	0.440799989	-49.57686234
0.662399967	16.66502762	0.441599989	10.24757957	0.441599989	-49.7930069
0.663599967	16.67025375	0.442399989	9.034958839	0.442399989	-49.92793274
0.664799967	16.66671944	0.443199989	7.84594202	0.443199989	-49.99423981
0.665999967	16.65382004	0.443999989	6.673822403	0.443999989	-49.96281815
0.667199967	16.63375473	0.444799989	5.559290409	0.444799989	-49.89486694
0.668399967	16.64738846	0.445599989	4.577476025	0.445599989	-49.85987854
0.669599967	16.68069458	0.446399989	3.702127457	0.446399989	-49.87272644
0.670799967	16.69604874	0.447199989	2.919692039	0.447199989	-49.86909485
0.671999967	16.6949234	0.447999989	2.226957321	0.447999989	-49.87342834
0.673199967	16.66400909	0.448799989	1.620248556	0.448799989	-49.9045105
0.674399967	16.66455078	0.449599989	1.106889009	0.449599989	-49.96144867
0.675599967	16.65975952	0.450399989	0.684840679	0.450399989	-50.02443314
0.676799966	16.65213013	0.451199989	0.358055234	0.451199989	-50.04875565
0.677999966	16.63444138	0.451999989	0.128167391	0.451999989	-50.04521942
0.679199966	16.64242935	0.452799989	-0.005065307	0.452799989	-50.06791687
0.680399966	16.67354012	0.453599989	-0.03140413	0.453599989	-50.07202911
0.681599966	16.68859673	0.454399989	0.038810544	0.454399989	-50.03391266
0.682799966	16.67963219	0.455199989	0.084717318	0.455199989	-50.01216125
0.683999966	16.66131592	0.455999988	0.092820525	0.455999988	-50.01224518
0.685199966	16.65326118	0.456799988	0.079310574	0.456799988	-50.03473282
0.686399966	16.65763092	0.457599988	0.059169196	0.457599988	-50.02705765
0.687599966	16.65908813	0.458399988	0.036173292	0.458399988	-50.0092392
0.688799966	16.6508522	0.459199988	0.017413449	0.459199988	-50.00836182
0.689999966	16.6660347	0.459999988	0.005679761	0.459999988	-50.00972748
0.691199966	16.670681	0.460799988	0.001230428	0.460799988	-49.9982338
0.692399966	16.68031693	0.461599988	-0.00010005	0.461599988	-49.97437286
0.693599966	16.6754818	0.462399988	0.000561854	0.462399988	-49.9848938
0.694799966	16.6868782	0.463199988	-0.000104583	0.463199988	-49.99919891
0.695999966	16.67526054	0.463999988	-0.000528077	0.463999988	-49.99595642
0.697199965	16.63034439	0.464799988	-0.002240239	0.464799988	-49.9956398
0.698399965	16.61613083	0.465599988	-0.001462493	0.465599988	-49.98769379
0.699599965	16.65575409	0.466399988	0.000141425	0.466399988	-50.00061798
0.700799965	16.68534088	0.467199988	-0.001155314	0.467199988	-49.99843597
0.701999965	16.67409515	0.467999988	-0.000435423	0.467999988	-49.98117447
0.703199965	16.64658546	0.468799988	-0.000688453	0.468799988	-49.97784424
0.704399965	16.65814972	0.469599988	-0.003032574	0.469599988	-49.98805237
0.705599965	16.67961121	0.470399988	-0.003505044	0.470399988	-49.98666382
0.706799965	16.67372131	0.471199988	-0.002463553	0.471199988	-49.97297668
0.707999965	16.6435051	0.471999988	-0.00144851	0.471999988	-49.97814178
0.709199965	16.64064407	0.472799988	-0.000640012	0.472799988	-49.97965622
0.710399965	16.67319107	0.473599988	-0.002750149	0.473599988	-49.99681091
0.711599965	16.70453644	0.474399988	-0.00371091	0.474399988	-49.98953247
0.712799965	16.68914795	0.475199988	-0.003454308	0.475199988	-49.97803116
0.713999965	16.66136169	0.475999988	-0.00262802	0.475999988	-49.98477936
0.715199965	16.64535522	0.476799988	-0.001132827	0.476799988	-50.00341034
0.716399965	16.65951347	0.477599988	0.00039486	0.477599988	-50.00712585
0.717599964	16.65980148	0.478399988	-0.003765804	0.478399988	-49.99905014
0.718799964	16.65673637	0.479199988	-0.00741586	0.479199988	-49.98996735
0.719999964	16.66362762	0.479999988	-0.005734777	0.479999988	-49.99654388
0.721199964	16.66601181	0.480799988	-0.003664619	0.480799988	-49.99299622
0.722399964	16.66805458	0.481599988	-0.003563174	0.481599988	-49.96746826
0.723599964	16.66875076	0.482399988	-0.003966615	0.482399988	-49.98062515
0.724799964	16.66669273	0.483199988	-0.006338763	0.483199988	-49.99114227
0.725999964	16.65435028	0.483999988	-0.006673287	0.483999988	-50.00920105
0.727199964	16.63287354	0.484799988	-0.005828065	0.484799988	-50.00628662
0.728399964	16.64052582	0.485599988	-0.004685591	0.485599988	-50.00646591
0.729599964	16.68221283	0.486399988	-0.007147384	0.486399988	-50.01810074
0.730799964	16.69639969	0.487199988	-0.009676118	0.487199988	-50.02275085
0.731999964	16.68854523	0.487999988	-0.008269542	0.487999988	-50.00651932
0.733199964	16.66667175	0.488799988	-0.00225842	0.488799988	-49.99951553
0.734399964	16.67839813	0.489599988	-0.000550933	0.489599988	-49.99671173
0.735599964	16.68686295	0.490399988	-0.0034617	0.490399988	-50.00187683
0.736799964	16.65379333	0.491199988	-0.003708816	0.491199988	-49.98318863
0.737999963	16.62477303	0.491999988	-0.00349143	0.491999988	-49.97150421
0.739199963	16.64064026	0.492799988	-0.005154224	0.492799988	-49.97383881
0.740399963	16.67784691	0.493599988	-0.006403675	0.493599988	-49.98658752
0.741599963	16.69909286	0.494399988	-0.008502737	0.494399988	-49.9818573
0.742799963	16.67468071	0.495199987	-0.009555937	0.495199987	-49.97226715
0.743999963	16.65303421	0.495999987	-0.010031544	0.495999987	-49.97750854
0.745199963	16.64925385	0.496799987	-0.010880833	0.496799987	-50.00036621
0.746399963	16.66156197	0.497599987	-0.011073612	0.497599987	-50.00246429
0.747599963	16.66140366	0.498399987	-0.011830719	0.498399987	-49.98984528
0.748799963	16.65764427	0.499199987	-0.012101555	0.499199987	-49.98682022
0.749999963	16.67208481	0.499999987	-0.012165049	0.499999987	-50.00257874
0.751199963	16.68073082	0.500799987	-0.009356422	0.500799987	-50.00124359
0.752399963	16.69058609	0.501599987	-0.006247218	0.501599987	-49.98635101
0.753599963	16.68192291	0.502399987	-0.00855815	0.502399987	-49.97615433
0.754799963	16.66194153	0.503199987	-0.010527976	0.503199987	-49.98674011
0.755999963	16.64868164	0.503999987	-0.010995679	0.503999987	-49.98773575
0.757199963	16.62560654	0.504799987	-0.009292651	0.504799987	-49.96911621
0.758399962	16.63394165	0.505599987	-0.007547083	0.505599987	-49.97616577
0.759599962	16.66401291	0.506399987	-0.006907132	0.506399987	-49.99987793
0.760799962	16.68324661	0.507199987	-0.006978894	0.507199987	-50.00724792
0.761999962	16.66985321	0.507999987	-0.006918186	0.507999987	-49.9983902
0.763199962	16.64398956	0.508799987	-0.00731486	0.508799987	-49.98984528
0.764399962	16.65374947	0.509599987	-0.020024266	0.509599987	-49.99154282
0.765599962	16.66345024	0.510399987	-0.109201118	0.510399987	-50.00445557
0.766799962	16.64806557	0.511199987	-0.324117362	0.511199987	-49.99797821
0.767999962	16.62795258	0.511999987	-0.660690606	0.511999987	-49.99767685
0.769199962	16.63650703	0.512799987	-1.109231472	0.512799987	-50.01073456
0.770399962	16.68000984	0.513599987	-1.66933918	0.513599987	-50.0166626
0.771599962	16.70032883	0.514399987	-2.329458714	0.514399987	-50.00220871
0.772799962	16.6890831	0.515199987	-3.078214169	0.515199987	-49.98683167
0.773999962	16.65557098	0.515999987	-3.903038502	0.515999987	-49.99763489
0.775199962	16.64733696	0.516799987	-4.805986404	0.516799987	-50.01250458
0.776399962	16.64811707	0.517599987	-5.799144745	0.517599987	-50.00962067
0.777599961	16.63929749	0.518399987	-6.880373001	0.518399987	-49.9852066
0.778799961	16.63240433	0.519199987	-8.050942421	0.519199987	-49.98022842
0.779999961	16.64064407	0.519999987	-9.30310154	0.519999987	-49.9940033
0.781199961	16.63339424	0.520799987	-10.58139038	0.520799987	-49.98391724
0.782399961	16.46074295	0.521599987	-11.8143158	0.521599987	-49.96585846
0.783599961	16.01169395	0.522399987	-12.99495316	0.522399987	-49.96027374
0.784799961	15.26731682	0.523199987	-14.1406498	0.523199987	-49.9761467
0.785999961	14.27432251	0.523999987	-15.29765606	0.523999987	-49.98514557
0.787199961	13.12014961	0.524799987	-16.46618271	0.524799987	-49.97867584
0.788399961	11.81892776	0.525599987	-17.64859772	0.525599987	-49.98190308
0.789599961	10.29488277	0.526399987	-18.83622932	0.526399987	-49.99547958
0.790799961	8.582277298	0.527199987	-20.02731705	0.527199987	-49.99771881
0.791999961	6.723882675	0.527999987	-21.21427155	0.527999987	-49.98181152
0.793199961	5.049035072	0.528799987	-22.39492416	0.528799987	-49.97357178
0.794399961	3.70622015	0.529599987	-23.60790634	0.529599987	-49.98299408
0.795599961	2.597838402	0.530399987	-24.8592453	0.530399987	-49.9969635
0.796799961	1.676384807	0.531199987	-26.08338928	0.531199987	-49.99068451
0.79799996	0.945387959	0.531999987	-27.26841354	0.531999987	-49.99615097
0.79919996	0.411352128	0.532799987	-28.30580139	0.532799987	-50.0128746
0.80039996	0.087783061	0.533599987	-29.21839142	0.533599987	-50.01472092
0.80159996	-0.026470277	0.534399986	-30.02805901	0.534399986	-49.99123383
0.80279996	0.03536316	0.535199986	-30.71955299	0.535199986	-49.98184204
0.80399996	0.087202802	0.535999986	-31.35261536	0.535999986	-49.99222565
0.80519996	0.096911579	0.536799986	-31.91916084	0.536799986	-50.00655365
0.80639996	0.070152715	0.537599986	-32.42076111	0.537599986	-49.9949646
0.80759996	0.026381545	0.538399986	-32.80255127	0.538399986	-49.98733521
0.80879996	-0.004046495	0.539199986	-33.0739212	0.539199986	-49.98125458
0.80999996	-0.009609283	0.539999986	-33.22832489	0.539999986	-49.98905182
0.81119996	0.000774193	0.540799986	-33.31927109	0.540799986	-49.99359131
0.81239996	0.004997001	0.541599986	-33.34434509	0.541599986	-49.97003174
0.81359996	-0.001300279	0.542399986	-33.29708481	0.542399986	-49.9752388
0.81479996	-0.004295087	0.543199986	-33.22457123	0.543199986	-49.9908905
0.81599996	-0.002539772	0.543999986	-33.16894531	0.543999986	-50.0091095
0.81719996	-0.004633432	0.544799986	-33.17411804	0.544799986	-49.99824524
0.818399959	-0.006240081	0.545599986	-33.20048523	0.545599986	-49.99076843
0.819599959	-0.005068435	0.546399986	-33.25419235	0.546399986	-49.99736786
0.820799959	-0.007855738	0.547199986	-33.32328796	0.547199986	-50.00313568
0.821999959	-0.008416174	0.547999986	-33.36079407	0.547999986	-49.98095703
0.823199959	-0.008050073	0.548799986	-33.37245178	0.548799986	-49.98320007
0.824399959	-0.005192177	0.549599986	-33.3627739	0.549599986	-49.99662018
0.825599959	-0.01225817	0.550399986	-33.348526	0.550399986	-50.01033401
0.826799959	-0.00958625	0.551199986	-33.33326721	0.551199986	-49.99629974
0.827999959	-0.007814569	0.551999986	-33.33878326	0.551999986	-49.98545837
0.829199959	-0.004783372	0.552799986	-33.35075378	0.552799986	-49.99230576
0.830399959	-0.006952558	0.553599986	-33.34531784	0.553599986	-50.01579285
0.831599959	-0.009752478	0.554399986	-33.33169556	0.554399986	-50.00107574
0.832799959	-0.010883547	0.555199986	-33.30963898	0.555199986	-49.98162842
0.833999959	-0.010165475	0.555999986	-33.30373383	0.555999986	-49.98859024
0.835199959	-0.013653699	0.556799986	-33.32427979	0.556799986	-49.99992371
0.836399959	-0.008527721	0.557599986	-33.34660339	0.557599986	-50.00643158
0.837599959	-0.003174014	0.558399986	-33.3584137	0.558399986	-49.98709488
0.838799958	-0.006110176	0.559199986	-33.36588287	0.559199986	-49.98005676
0.839999958	-0.007979117	0.559999986	-33.34810638	0.559999986	-49.9963913
0.841199958	-0.009838369	0.560799986	-33.32108688	0.560799986	-49.98403931
0.842399958	-0.009993147	0.561599986	-33.31716156	0.561599986	-49.97293854
0.843599958	-0.011983939	0.562399986	-33.33068085	0.562399986	-49.97980499
0.844799958	-0.013540086	0.563199986	-33.33342743	0.563199986	-49.99152374
0.845999958	-0.010868222	0.563999986	-33.32455444	0.563999986	-50.00537872
0.847199958	-0.002358424	0.564799986	-33.31528473	0.564799986	-49.99742126
0.848399958	-0.0014804	0.565599986	-33.30697632	0.565599986	-49.99272537
0.849599958	-0.004495808	0.566399986	-33.32035065	0.566399986	-50.0140686
0.850799958	-0.004046994	0.567199986	-33.33913422	0.567199986	-50.00972748
0.851999958	-0.003774555	0.567999986	-33.35375214	0.567999986	-49.99407959
0.853199958	-0.004559594	0.568799986	-33.35154724	0.568799986	-49.98081207
0.854399958	-0.005563718	0.569599986	-33.33800507	0.569599986	-49.98519516
0.855599958	-0.005674869	0.570399986	-33.32553101	0.570399986	-49.99617767
0.856799958	-0.004961815	0.571199986	-33.3371582	0.571199986	-49.98472214
0.857999958	-0.047460891	0.571999986	-33.35551453	0.571999986	-49.9810524
0.859199957	-0.320541441	0.572799986	-33.36523819	0.572799986	-49.9923439
0.860399957	-0.861895084	0.573599986	-33.35317993	0.573599986	-49.99859238
0.861599957	-1.657207251	0.574399985	-33.33418274	0.574399985	-49.98607635
0.862799957	-2.691099167	0.575199985	-33.30899048	0.575199985	-49.97544861
0.863999957	-3.91755867	0.575999985	-33.29336548	0.575999985	-49.97252274
0.865199957	-5.300697803	0.576799985	-33.32329941	0.576799985	-49.9947052
0.866399957	-6.871233463	0.577599985	-33.3527832	0.577599985	-49.9985733
0.867599957	-8.651504517	0.578399985	-33.36095047	0.578399985	-49.97548676
0.868799957	-10.53692818	0.579199985	-33.33930588	0.579199985	-49.98290634
0.869999957	-12.15617371	0.579999985	-33.32614136	0.579999985	-49.98694611
0.871199957	-13.38082981	0.580799985	-33.31123734	0.580799985	-49.98377991
0.872399957	-14.35724831	0.581599985	-33.3144989	0.581599985	-49.97314453
0.873599957	-15.185215	0.582399985	-33.32696533	0.582399985	-49.96347046
0.874799957	-15.86795902	0.583199985	-33.33544922	0.583199985	-49.97338104
0.875999957	-16.33452988	0.583999985	-33.32798004	0.583999985	-49.99465942
0.877199957	-16.58406448	0.584799985	-33.31057739	0.584799985	-49.9741745
0.878399957	-16.64786911	0.585599985	-33.28929901	0.585599985	-49.9812851
0.879599956	-16.59054947	0.586399985	-33.30438995	0.586399985	-50.00211334
0.880799956	-16.58061409	0.587199985	-33.32580566	0.587199985	-50.01326752
0.881999956	-16.58788872	0.587999985	-33.33966827	0.587999985	-49.9968338
0.883199956	-16.59733963	0.588799985	-33.33629608	0.588799985	-49.97660446
0.884399956	-16.59640503	0.589599985	-33.33293915	0.589599985	-49.98027039
0.885599956	-16.6068821	0.590399985	-33.32321167	0.590399985	-49.99813843
0.886799956	-16.63319969	0.591199985	-33.31091309	0.591199985	-49.97833252
0.887999956	-16.64468193	0.591999985	-33.32169342	0.591999985	-49.98251343
0.889199956	-16.6580925	0.592799985	-33.3296814	0.592799985	-49.99399185
0.890399956	-16.68216133	0.593599985	-33.32380676	0.593599985	-50.00112534
0.891599956	-16.71686935	0.594399985	-33.31100845	0.594399985	-49.98269272
0.892799956	-16.71903992	0.595199985	-33.31268311	0.595199985	-49.97953796
0.893999956	-16.6937027	0.595999985	-33.30281067	0.595999985	-49.99255753
0.895199956	-16.66159821	0.596799985	-33.31848145	0.596799985	-50.00246048
0.896399956	-16.64785767	0.597599985	-33.3371048	0.597599985	-49.99235916
0.897599956	-16.64909172	0.598399985	-33.33630371	0.598399985	-49.98537827
0.898799955	-16.66967773	0.599199985	-33.33021927	0.599199985	-49.98397064
0.899999955	-16.68555069	0.599999985	-33.31728363	0.599999985	-49.9899025
0.901199955	-16.69972229	0.600799985	-33.31111145	0.600799985	-49.98319244
0.902399955	-16.68625069	0.601599985	-33.32471466	0.601599985	-49.96562195
0.903599955	-16.66683006	0.602399985	-33.33828735	0.602399985	-49.96307373
0.904799955	-16.6608429	0.603199985	-33.35100174	0.603199985	-49.97673798
0.905999955	-16.65724754	0.603999985	-33.34438324	0.603999985	-49.99406052
0.907199955	-16.64320374	0.604799985	-33.32224274	0.604799985	-49.99569702
0.908399955	-16.63648224	0.605599985	-33.30721283	0.605599985	-50.00191116
0.909599955	-16.65703011	0.606399985	-33.31103134	0.606399985	-50.0230217
0.910799955	-16.70106125	0.607199985	-33.34327316	0.607199985	-50.01931381
0.911999955	-16.70789337	0.607999985	-33.35870743	0.607999985	-50.00566864
0.913199955	-16.68240738	0.608799985	-33.34544373	0.608799985	-49.97969818
0.914399955	-16.65920258	0.609599985	-33.32510376	0.609599985	-49.98827362
0.915599955	-16.65972137	0.610399985	-33.31636047	0.610399985	-49.99731445
0.916799955	-16.6636467	0.611199985	-33.31010437	0.611199985	-49.98877716
0.917999955	-16.64775276	0.611999985	-33.32429886	0.611999985	-49.98199463
0.919199954	-16.64083672	0.612799985	-33.34236145	0.612799985	-49.99050522
0.920399954	-16.65181732	0.613599984	-33.34588242	0.613599984	-49.99512482
0.921599954	-16.68817139	0.614399984	-33.34249115	0.614399984	-49.98752594
0.922799954	-16.69122505	0.615199984	-33.31793976	0.615199984	-49.97077942
0.923999954	-16.66914177	0.615999984	-33.31327057	0.615999984	-49.98147583
0.925199954	-16.64239883	0.616799984	-33.32436371	0.616799984	-50.00347137
0.926399954	-16.62426758	0.617599984	-33.33798599	0.617599984	-50.01351166
0.927599954	-16.63267326	0.618399984	-33.34374619	0.618399984	-50.00190735
0.928799954	-16.636343	0.619199984	-33.35398865	0.619199984	-50.00294495
0.929999954	-16.66170502	0.619999984	-33.34857178	0.619999984	-50.00940704
0.931199954	-16.68921661	0.620799984	-33.33114624	0.620799984	-49.9990921
0.932399954	-16.6892128	0.621599984	-33.3381424	0.621599984	-49.97947693
0.933599954	-16.67958069	0.622399984	-33.35732651	0.622399984	-49.97672272
0.934799954	-16.67395401	0.623199984	-33.3431778	0.623199984	-49.97912979
0.935999954	-16.65726471	0.623999984	-33.31783295	0.623999984	-49.99546814
0.937199954	-16.64247894	0.624799984	-33.30284119	0.624799984	-49.99547195
0.938399954	-16.62650299	0.625599984	-33.29033661	0.625599984	-49.99532318
0.939599953	-16.65162468	0.626399984	-33.29917145	0.626399984	-50.01358795
0.940799953	-16.69334412	0.627199984	-33.33200836	0.627199984	-50.00596619
0.941999953	-16.69982529	0.627999984	-33.35280609	0.627999984	-49.99111557
0.943199953	-16.66773987	0.628799984	-33.35037231	0.628799984	-49.98363113
0.944399953	-16.63852882	0.629599984	-33.33678055	0.629599984	-49.9932251
0.945599953	-16.64098167	0.630399984	-33.32244873	0.630399984	-49.99727631
0.946799953	-16.6584816	0.631199984	-33.32821655	0.631199984	-49.97928619
0.947999953	-16.65073395	0.631999984	-33.35243225	0.631999984	-49.96291733
0.949199953	-16.65049744	0.632799984	-33.3504715	0.632799984	-49.97841644
0.950399953	-16.67938995	0.633599984	-33.33586502	0.633599984	-50.00023651
0.951599953	-16.7203846	0.634399984	-33.32125092	0.634399984	-49.99329376
0.952799953	-16.71328163	0.635199984	-33.30910873	0.635199984	-49.99148941
0.953999953	-16.68448639	0.635999984	-33.29859161	0.635999984	-49.99749374
0.955199953	-16.6566391	0.636799984	-33.32418442	0.636799984	-50.00857162
0.956399953	-16.63852692	0.637599984	-33.35616302	0.637599984	-50.01464844
0.957599953	-16.64196014	0.638399984	-33.36226654	0.638399984	-49.98461914
0.958799953	-16.65698051	0.639199984	-33.34386444	0.639199984	-49.9865036
0.959999952	-16.67690468	0.639999984	-33.33766937	0.639999984	-50.00241089
0.961199952	-16.69560051	0.640799984	-33.32214737	0.640799984	-49.94647217
0.962399952	-16.67839432	0.641599984	-33.3189621	0.641599984	-49.78266525
0.963599952	-16.66917801	0.642399984	-33.332901	0.642399984	-49.51745224
0.964799952	-16.66886711	0.643199984	-33.34160233	0.643199984	-49.14927292
0.965999952	-16.65939331	0.643999984	-33.31804657	0.643999984	-48.65703583
0.967199952	-16.64321709	0.644799984	-33.30503082	0.644799984	-48.03684998
0.968399952	-16.63625717	0.645599984	-33.29373932	0.645599984	-47.31665039
0.969599952	-16.67376709	0.646399984	-33.30797577	0.646399984	-46.51755905
0.970799952	-16.72255325	0.647199984	-33.32740784	0.647199984	-45.62643433
0.971999952	-16.72117233	0.647999984	-33.33039093	0.647999984	-44.63716125
0.973199952	-16.67287827	0.648799984	-33.33588409	0.648799984	-43.57806396
0.974399952	-16.64324188	0.649599984	-33.33787918	0.649599984	-42.45109558
0.975599952	-16.64110565	0.650399984	-33.33036804	0.650399984	-41.26438141
0.976799952	-16.64407158	0.651199984	-33.33338165	0.651199984	-40.02310181
0.977999952	-16.63730621	0.651999984	-33.34235001	0.651999984	-38.77257538
0.979199952	-16.64484215	0.652799984	-33.35665512	0.652799984	-37.54740143
0.980399951	-16.66418076	0.653599983	-33.34833908	0.653599983	-36.37934494
0.981599951	-16.69706345	0.654399983	-33.3204422	0.654399983	-35.25621033
0.982799951	-16.6981163	0.655199983	-33.30524445	0.655199983	-34.11606598
0.983999951	-16.66759491	0.655999983	-33.30201721	0.655999983	-32.93954849
0.985199951	-16.63869476	0.656799983	-33.31082916	0.656799983	-31.73600388
0.986399951	-16.62360573	0.657599983	-33.33133698	0.657599983	-30.5261898
0.987599951	-16.63029099	0.658399983	-33.34525681	0.658399983	-29.31308746
0.988799951	-16.6427002	0.659199983	-33.34210205	0.659199983	-28.15171051
0.989999951	-16.66261101	0.659999983	-33.3290863	0.659999983	-26.9571209
0.991199951	-16.6863327	0.660799983	-33.32144928	0.660799983	-25.76818848
0.992399951	-16.68663979	0.661599983	-33.33779526	0.661599983	-24.53759766
0.993599951	-16.6843853	0.662399983	-33.35625458	0.662399983	-23.31143188
0.994799951	-16.66848373	0.663199983	-33.3483429	0.663199983	-22.14036179
0.995999951	-16.6521759	0.663999983	-33.34090424	0.663999983	-20.93020248
0.997199951	-16.63858414	0.664799983	-33.32596588	0.664799983	-19.71205902
0.998399951	-16.62484741	0.665599983	-33.30410385	0.665599983	-18.53306198
0.999599951	-16.65027428	0.666399983	-33.31398773	0.666399983	-17.35651207
1.00079995	-16.6968174	0.667199983	-33.34448242	0.667199983	-16.14391327
1.00199995	-16.70523834	0.667999983	-33.36335754	0.667999983	-14.93429756
1.00319995	-16.67864609	0.668799983	-33.35908508	0.668799983	-13.73928452
1.00439995	-16.65610504	0.669599983	-33.34030533	0.669599983	-12.54065704
1.00559995	-16.64510345	0.670399983	-33.31624985	0.670399983	-11.31118202
1.00679995	-16.64962769	0.671199983	-33.30758286	0.671199983	-10.06928253
1.00799995	-16.64060593	0.671999983	-33.3170929	0.671999983	-8.843837738
1.00919995	-16.6463623	0.672799983	-33.33835983	0.672799983	-7.665902138
1.01039995	-16.67352295	0.673599983	-33.33237076	0.673599983	-6.512096405
1.01159995	-16.70885849	0.674399983	-33.30492401	0.674399983	-5.431044579
1.01279995	-16.71060944	0.675199983	-33.28485107	0.675199983	-4.471541405
1.01399995	-16.67963409	0.675999983	-33.28800201	0.675999983	-3.612879753
1.01519995	-16.65746689	0.676799983	-33.31277466	0.676799983	-2.843575954
1.01639995	-16.62675476	0.677599983	-33.33685303	0.677599983	-2.156113386
1.01759995	-16.63348389	0.678399983	-33.35434723	0.678399983	-1.552211404
1.01879995	-16.65418243	0.679199983	-33.34591293	0.679199983	-1.044419765
1.019999949	-16.67519951	0.679999983	-33.32603455	0.679999983	-0.640246868
1.021199949	-16.69535446	0.680799983	-33.3111763	0.680799983	-0.330569446
1.022399949	-16.6810894	0.681599983	-33.31896591	0.681599983	-0.114202634
1.023599949	-16.6849823	0.682399983	-33.32506561	0.682399983	0.017290927
1.024799949	-16.67620468	0.683199983	-33.33333588	0.683199983	0.025155371
1.025999949	-16.66350555	0.683999983	-33.31971741	0.683999983	-0.053115051
1.027199949	-16.63994598	0.684799983	-33.30701447	0.684799983	-0.090687066
1.028399949	-16.62963676	0.685599983	-33.30433273	0.685599983	-0.090166837
1.029599949	-16.65594482	0.686399983	-33.31899261	0.686399983	-0.070502043
1.030799949	-16.69588089	0.687199983	-33.35167694	0.687199983	-0.044043466
1.031999949	-16.70703506	0.687999983	-33.36440277	0.687999983	-0.025346603
1.033199949	-16.67738342	0.688799983	-33.35391617	0.688799983	-0.013281574
1.034399949	-16.65275192	0.689599983	-33.32765198	0.689599983	-0.00940758
1.035599949	-16.65756035	0.690399983	-33.31418991	0.690399983	-0.00779641
1.036799949	-16.66720009	0.691199983	-33.318573	0.691199983	-0.006252162
1.037999949	-16.65034485	0.691999983	-33.34199524	0.691999983	-0.004386134
1.039199949	-16.64138031	0.692799982	-33.34033585	0.692799982	0.000191528
1.040399948	-16.66121101	0.693599982	-33.34041595	0.693599982	0.002964263
1.041599948	-16.69122314	0.694399982	-33.33211517	0.694399982	0.001572937
1.042799948	-16.6975708	0.695199982	-33.31423187	0.695199982	-0.001345241
1.043999948	-16.67333603	0.695999982	-33.31275558	0.695999982	-0.000773256
1.045199948	-16.65128708	0.696799982	-33.3476944	0.696799982	0.002810832
1.046399948	-16.62771606	0.697599982	-33.36608124	0.697599982	0.00367745
1.047599948	-16.63561249	0.698399982	-33.36154175	0.698399982	0.000192588
1.048799948	-16.65418816	0.699199982	-33.33059692	0.699199982	-0.000220794
1.049999948	-16.67568207	0.699999982	-33.30918884		
1.051199948	-16.6991806	0.700799982	-33.30292511		
1.052399948	-16.69168854	0.701599982	-33.30000687		
1.053599948	-16.68675995	0.702399982	-33.31945038		
1.054799948	-16.67722702	0.703199982	-33.33653259		
1.055999948	-16.67030716	0.703999982	-33.33865356		
1.057199948	-16.64874077	0.704799982	-33.32675934		
1.058399948	-16.63564682	0.705599982	-33.30967331		
1.059599948	-16.66324234	0.706399982	-33.31016922		
1.060799947	-16.70040894	0.707199982	-33.3323288		
1.061999947	-16.69641876	0.707999982	-33.3322525		
1.063199947	-16.67512894	0.708799982	-33.345047		
1.064399947	-16.65729523	0.709599982	-33.33660507		
1.065599947	-16.64762497	0.710399982	-33.32367325		
1.066799947	-16.64615822	0.711199982	-33.32423401		
1.067999947	-16.64204788	0.711999982	-33.34814072		
1.069199947	-16.64315414	0.712799982	-33.35443878		
1.070399947	-16.66650391	0.713599982	-33.35173798		
1.071599947	-16.69669724	0.714399982	-33.32845688		
1.072799947	-16.69842529	0.715199982	-33.30828094		
1.073999947	-16.67146111	0.715999982	-33.29803467		
1.075199947	-16.65151596	0.716799982	-33.3105545		
1.076399947	-16.64085388	0.717599982	-33.32727051		
1.077599947	-16.64769745	0.718399982	-33.34224701		
1.078799947	-16.65785408	0.719199982	-33.34546661		
1.079999947	-16.68002701	0.719999982	-33.32996368		
1.081199946	-16.69448853	0.720799982	-33.32142258		
1.082399946	-16.68014336	0.721599982	-33.34804535		
1.083599946	-16.67240143	0.722399982	-33.3509407		
1.084799946	-16.66666794	0.723199982	-33.34645844		
1.085999946	-16.66164398	0.723999982	-33.33719635		
1.087199946	-16.64165497	0.724799982	-33.31347656		
1.088399946	-16.63044167	0.725599982	-33.29282379		
1.089599946	-16.65920448	0.726399982	-33.31138611		
1.090799946	-16.7119751	0.727199982	-33.34766388		
1.091999946	-16.72046089	0.727999982	-33.35800552		
1.093199946	-16.68870163	0.728799982	-33.36213684		
1.094399946	-16.65325928	0.729599982	-33.34846878		
1.095599946	-16.64191055	0.730399982	-33.3291626		
1.096799946	-16.65981674	0.731199982	-33.31344604		
1.097999946	-16.65287018	0.731999982	-33.32582092		
1.099199946	-16.64134026	0.732799981	-33.33843994		
1.100399946	-16.65323639	0.733599981	-33.33454514		
1.101599945	-16.68512154	0.734399981	-33.31537628		
1.102799945	-16.7000351	0.735199981	-33.30110168		
1.103999945	-16.67803574	0.735999981	-33.29180145		
1.105199945	-16.6459198	0.736799981	-33.32058334		
1.106399945	-16.61987305	0.737599981	-33.34241486		
1.107599945	-16.62620544	0.738399981	-33.34498215		
1.108799945	-16.64808273	0.739199981	-33.34760284		
1.109999945	-16.67579651	0.739999981	-33.33989716		
1.111199945	-16.69593239	0.740799981	-33.32351685		
1.112399945	-16.69027901	0.741599981	-33.33333588		
1.113599945	-16.67723083	0.742399981	-33.34123993		
1.114799945	-16.66796494	0.743199981	-33.33905029		
1.115999945	-16.66194534	0.743999981	-33.32562256		
1.117199945	-16.6438961	0.744799981	-33.30727386		
1.118399945	-16.63780975	0.745599981	-33.31347656		
1.119599945	-16.66053009	0.746399981	-33.31853104		
1.120799945	-16.70837021	0.747199981	-33.33395386		
1.121999944	-16.71512413	0.747999981	-33.3475914		
1.123199944	-16.68031883	0.748799981	-33.35044861		
1.124399944	-16.65352058	0.749599981	-33.33817291		
1.125599944	-16.63387489	0.750399981	-33.32239532		
1.126799944	-16.6511097	0.751199981	-33.32172394		
1.127999944	-16.64469528	0.751999981	-33.33608246		
1.129199944	-16.64894295	0.752799981	-33.3362236		
1.130399944	-16.66766167	0.753599981	-33.32706833		
1.131599944	-16.69741058	0.754399981	-33.31306458		
1.132799944	-16.70172501	0.755199981	-33.28182983		
1.133999944	-16.68652344	0.755999981	-33.27619171		
1.135199944	-16.66408348	0.756799981	-33.30406189		
1.136399944	-16.64607811	0.757599981	-33.32594299		
1.137599944	-16.65494919	0.758399981	-33.3335495		
1.138799944	-16.67144775	0.759199981	-33.33480835		
1.139999944	-16.69572258	0.759999981	-33.32637405		
1.141199943	-16.70056534	0.760799981	-33.31437302		
1.142399943	-16.68590927	0.761599981	-33.31919098		
1.143599943	-16.67564583	0.762399981	-33.32086945		
1.144799943	-16.66421318	0.763199981	-33.33259964		
1.145999943	-16.64776039	0.763999981	-33.3278389		
1.147199943	-16.62733459	0.764799981	-33.31123352		
1.148399943	-16.628685	0.765599981	-33.29337311		
1.149599943	-16.66020775	0.766399981	-33.30036926		
1.150799943	-16.7062645	0.767199981	-33.33631897		
1.151999943	-16.71871376	0.767999981	-33.35383987		
1.153199943	-16.69103432	0.768799981	-33.35093689		
1.154399943	-16.6557579	0.769599981	-33.34456635		
1.155599943	-16.64813995	0.770399981	-33.32616425		
1.156799943	-16.66216278	0.771199981	-33.31630325		
1.157999943	-16.65687561	0.77199998	-33.332798		
1.159199943	-16.648283	0.77279998	-33.33982468		
1.160399943	-16.66761589	0.77359998	-33.32948303		
1.161599942	-16.69190979	0.77439998	-33.30988312		
1.162799942	-16.69627762	0.77519998	-33.30072021		
1.163999942	-16.66912079	0.77599998	-33.30932236		
1.165199942	-16.63715744	0.77679998	-33.32226563		
1.166399942	-16.614048	0.77759998	-33.35030746		
1.167599942	-16.61686516	0.77839998	-33.36132813		
1.168799942	-16.64115524	0.77919998	-33.34344482		
1.169999942	-16.67457199	0.77999998	-33.32326508		
1.171199942	-16.6989193	0.78079998	-33.31218338		
1.172399942	-16.69250298	0.78159998	-33.32203674		
1.173599942	-16.67437363	0.78239998	-33.33984375		
1.174799942	-16.67198181	0.78319998	-33.33746338		
1.175999942	-16.66440201	0.78399998	-33.33398056		
1.177199942	-16.64909363	0.78479998	-33.32316589		
1.178399942	-16.63209724	0.78559998	-33.30709457		
1.179599942	-16.65052414	0.78639998	-33.32253647		
1.180799942	-16.69608688	0.78719998	-33.34262085		
1.181999941	-16.69648743	0.78799998	-33.34934235		
1.183199941	-16.67183685	0.78879998	-33.33738708		
1.184399941	-16.63808823	0.78959998	-33.32543564		
1.185599941	-16.65076447	0.79039998	-33.30911636		
1.186799941	-16.66109657	0.79119998	-33.30150604		
1.187999941	-16.64379883	0.79199998	-33.32875443		
1.189199941	-16.63799286	0.79279998	-33.34355164		
1.190399941	-16.66482544	0.79359998	-33.34417725		
1.191599941	-16.70998192	0.79439998	-33.33218384		
1.192799941	-16.71952057	0.79519998	-33.32309723		
1.193999941	-16.68839264	0.79599998	-33.31271362		
1.195199941	-16.64506721	0.79679998	-33.3336525		
1.196399941	-16.63499832	0.79759998	-33.35010529		
1.197599941	-16.64805794	0.79839998	-33.34568787		
1.198799941	-16.66043663	0.79919998	-33.34182358		
1.199999941	-16.67505646	0.79999998	-33.33791351		
1.201199941	-16.69058418	0.80079998	-33.32300949		
1.20239994	-16.68541718	0.80159998	-33.32770538		
1.20359994	-16.67887115	0.80239998	-33.34538269		
1.20479994	-16.676754	0.80319998	-33.34671021		
1.20599994	-16.65332413	0.80399998	-33.32968903		
1.20719994	-16.63313293	0.80479998	-33.31982422		
1.20839994	-16.62620926	0.80559998	-33.30581665		
1.20959994	-16.65697098	0.80639998	-33.30610275		
1.21079994	-16.71511078	0.80719998	-33.31602478		
1.21199994	-16.72636414	0.80799998	-33.34257507		
1.21319994	-16.67893791	0.80879998	-33.34335327		
1.21439994	-16.63920975	0.80959998	-33.32523346		
1.21559994	-16.63685226	0.81039998	-33.31554031		
1.21679994	-16.65852356	0.81119998	-33.32695007		
1.21799994	-16.65336609	0.811999979	-33.34038162		
1.21919994	-16.64341164	0.812799979	-33.34322357		
1.22039994	-16.6557827	0.813599979	-33.33583832		
1.22159994	-16.68767357	0.814399979	-33.3204422		
1.222799939	-16.69456482	0.815199979	-33.29776001		
1.223999939	-16.67211151	0.815999979	-33.2921524		
1.225199939	-16.6437149	0.816799979	-33.33029938		
1.226399939	-16.63473129	0.817599979	-33.35012817		
1.227599939	-16.63657379	0.818399979	-33.36496735		
1.228799939	-16.65071678	0.819199979	-33.35861969		
1.229999939	-16.67400932	0.819999979	-33.34119797		
1.231199939	-16.69147301	0.820799979	-33.32115173		
1.232399939	-16.68970871	0.821599979	-33.32221985		
1.233599939	-16.68807983	0.822399979	-33.32844543		
1.234799939	-16.68090248	0.823199979	-33.33045578		
1.235999939	-16.66498566	0.823999979	-33.32118225		
1.237199939	-16.64003372	0.824799979	-33.30725861		
1.238399939	-16.62719727	0.825599979	-33.29648972		
1.239599939	-16.65834236	0.826399979	-33.30893707		
1.240799939	-16.70526505	0.827199979	-33.34355164		
1.241999939	-16.70572472	0.827999979	-33.35050201		
1.243199938	-16.67957306	0.828799979	-33.35170746		
1.244399938	-16.650177	0.829599979	-33.33981323		
1.245599938	-16.64027596	0.830399979	-33.32197571		
1.246799938	-16.64690781	0.831199979	-33.30736542		
1.247999938	-16.64952278	0.831999979	-33.33127975		
1.249199938	-16.65486526	0.832799979	-33.34873962		
1.250399938	-16.66701126	0.833599979	-33.33300018		
1.251599938	-16.70325851	0.834399979	-33.31442261		
1.252799938	-16.70796585	0.835199979	-33.30861664		
1.253999938	-16.69300652	0.835999979	-33.30409241		
1.255199938	-16.6547699	0.836799979	-33.32559967		
1.256399938	-16.62820816	0.837599979	-33.342453		
1.257599938	-16.63054276	0.838399979	-33.3546524		
1.258799938	-16.65746689	0.839199979	-33.34259796		
1.259999938	-16.68778229	0.839999979	-33.32620239		
1.261199938	-16.69607162	0.840799979	-33.31741714		
1.262399937	-16.68492317	0.841599979	-33.32472992		
1.263599937	-16.67055511	0.842399979	-33.33953094		
1.264799937	-16.67073441	0.843199979	-33.35335922		
1.265999937	-16.65897369	0.843999979	-33.34105682		
1.267199937	-16.64293671	0.844799979	-33.31539917		
1.268399937	-16.62987518	0.845599979	-33.29752731		
1.269599937	-16.6663208	0.846399979	-33.31351852		
1.270799937	-16.71874619	0.847199979	-33.34237671		
1.271999937	-16.72052002	0.847999979	-33.36111069		
1.273199937	-16.68935966	0.848799979	-33.36772919		
1.274399937	-16.64688683	0.849599979	-33.34474945		
1.275599937	-16.64478302	0.850399979	-33.322258		
1.276799937	-16.65065765	0.851199978	-33.31658173		
1.277999937	-16.6388092	0.851999978	-33.31423569		
1.279199937	-16.63774872	0.852799978	-33.31520844		
1.280399937	-16.65618324	0.853599978	-33.32971954		
1.281599937	-16.694664	0.854399978	-33.31784058		
1.282799936	-16.68946457	0.855199978	-33.29418564		
1.283999936	-16.66409302	0.855999978	-33.29088593		
1.285199936	-16.64039421	0.856799978	-33.31955719		
1.286399936	-16.63883209	0.857599978	-33.34330368		
1.287599936	-16.64888	0.858399978	-33.35499191		
1.288799936	-16.66629791	0.859199978	-33.36040497		
1.289999936	-16.67944908	0.859999978	-33.35469818		
1.291199936	-16.70054626	0.860799978	-33.33461761		
1.292399936	-16.689888	0.861599978	-33.33847046		
1.293599936	-16.67258263	0.862399978	-33.35043335		
1.294799936	-16.67482567	0.863199978	-33.34132004		
1.295999936	-16.66112137	0.863999978	-33.3134079		
1.297199936	-16.64448738	0.864799978	-33.29902649		
1.298399936	-16.63120079	0.865599978	-33.2966156		
1.299599936	-16.65731049	0.866399978	-33.31503677		
1.300799936	-16.69765472	0.867199978	-33.3409996		
1.301999936	-16.70430756	0.867999978	-33.36788177		
1.303199935	-16.68693161	0.868799978	-33.36134338		
1.304399935	-16.66526031	0.869599978	-33.3237114		
1.305599935	-16.65494537	0.870399978	-33.21137238		
1.306799935	-16.66400146	0.871199978	-32.99182892		
1.307999935	-16.6484108	0.871999978	-32.66917801		
1.309199935	-16.64748383	0.872799978	-32.23693085		
1.310399935	-16.66744804	0.873599978	-31.67148972		
1.311599935	-16.69039345	0.874399978	-30.97496796		
1.312799935	-16.68951035	0.875199978	-30.21639252		
1.313999935	-16.6804409	0.875999978	-29.36185074		
1.315199935	-16.65115929	0.876799978	-28.46294022		
1.316399935	-16.63797379	0.877599978	-27.5015049		
1.317599935	-16.64649582	0.878399978	-26.43225098		
1.318799935	-16.6583519	0.879199978	-25.25687981		
1.319999935	-16.68305969	0.879999978	-23.97440338		
1.321199935	-16.69537354	0.880799978	-22.71006393		
1.322399935	-16.67059326	0.881599978	-21.51861572		
1.323599934	-16.66602707	0.882399978	-20.31342125		
1.324799934	-16.66441536	0.883199978	-19.15130806		
1.325999934	-16.66344452	0.883999978	-18.02769852		
1.327199934	-16.64919281	0.884799978	-16.8792038		
1.328399934	-16.62673378	0.885599978	-15.69268703		
1.329599934	-16.64253044	0.886399978	-14.49666786		
1.330799934	-16.69058228	0.887199978	-13.29299545		
1.331999934	-16.70687485	0.887999978	-12.08030415		
1.333199934	-16.67608452	0.888799978	-10.83672523		
1.334399934	-16.64444733	0.889599978	-9.5952034		
1.335599934	-16.64633942	0.890399978	-8.399349213		
1.336799934	-16.65176773	0.891199977	-7.231617928		
1.337999934	-16.64260483	0.891999977	-6.101537228		
1.339199934	-16.6434021	0.892799977	-5.062443733		
1.340399934	-16.66742706	0.893599977	-4.143942833		
1.341599934	-16.70141602	0.894399977	-3.319816113		
1.342799934	-16.69984436	0.895199977	-2.583925724		
1.343999933	-16.66436005	0.895999977	-1.930598497		
1.345199933	-16.634161	0.896799977	-1.364406466		
1.346399933	-16.62671089	0.897599977	-0.893998682		
1.347599933	-16.63226318	0.898399977	-0.520148516		
1.348799933	-16.64554214	0.899199977	-0.240194216		
1.349999933	-16.66726875	0.899999977	-0.054500215		
1.351199933	-16.68998718	0.900799977	0.033567242		
1.352399933	-16.68844604	0.901599977	-0.001040604		
1.353599933	-16.68164825	0.902399977	-0.072102837		
1.354799933	-16.67674065	0.903199977	-0.095319688		
1.355999933	-16.66120529	0.903999977	-0.094833598		
1.357199933	-16.64932251	0.904799977	-0.08133629		
1.358399933	-16.63460922	0.905599977	-0.057014063		
1.359599933	-16.66885376	0.906399977	-0.033645097		
1.360799933	-16.71693039	0.907199977	-0.015225153		
1.361999933	-16.71316147	0.907999977	-0.004146009		
1.363199933	-16.67395973	0.908799977	-0.003379056		
1.364399932	-16.6427803	0.909599977	-0.003629145		
1.365599932	-16.63969421	0.910399977	-0.00611278		
1.366799932	-16.65161133	0.911199977	-0.006351827		
1.367999932	-16.6313076	0.911999977	-0.004625194		
1.369199932	-16.62986946	0.912799977	-0.000168003		
1.370399932	-16.66681671	0.913599977	0.000762498		
1.371599932	-16.70654297	0.914399977	-4.54762E-05		
1.372799932	-16.70692825	0.915199977	-0.000719961		
1.373999932	-16.67285538	0.915999977	0.001463745		
1.375199932	-16.63499069	0.916799977	0.001497781		
1.376399932	-16.6349411	0.917599977	-0.000223038		
1.377599932	-16.65897942	0.918399977	-0.000684492		
1.378799932	-16.67458725	0.919199977	0.002862946		
1.379999932	-16.68497849	0.919999977	0.004248814		
1.381199932	-16.69674683	0.920799977	0.002836001		
1.382399932	-16.68035507	0.921599977	-0.000297724		
1.383599931	-16.67128372	0.922399977	-0.000754353		
1.384799931	-16.66640854	0.923199977	0.003706083		
1.385999931	-16.65509224	0.923999977	0.003770656		
1.387199931	-16.63230896	0.924799977	0.001017977		
1.388399931	-16.62122154	0.925599977	-0.000588302		
1.389599931	-16.65453339	0.926399977	-0.000306852		
1.390799931	-16.70740128	0.927199977	0.00156407		
1.391999931	-16.71702385	0.927999977	0.003338757		
1.393199931	-16.68684959	0.928799977	0.002704617		
1.394399931	-16.65236282	0.929599977	0.001724347		
1.395599931	-16.65225601	0.930399976	1.46394E-05		
1.396799931	-16.66770744	0.931199976	0.000615588		
1.397999931	-16.65275192	0.931999976	0.002981454		
1.399199931	-16.64037323	0.932799976	0.002505334		
1.400399931	-16.65468597	0.933599976	0.001842277		
1.401599931	-16.68622589	0.934399976	0.002825291		
1.402799931	-16.69260788	0.935199976	0.003948437		
1.40399993	-16.6625061	0.935999976	0.002342253		
1.40519993	-16.63497734	0.936799976	0.000593426		
1.40639993	-16.62099266	0.937599976	0.001266435		
1.40759993	-16.63806152	0.938399976	0.002239821		
1.40879993	-16.64849854	0.939199976	0.002906017		
1.40999993	-16.67161942	0.939999976	0.003217738		
1.41119993	-16.69084167	0.940799976	0.002175512		
1.41239993	-16.68460274	0.941599976	5.21505E-05		
1.41359993	-16.68782806	0.942399976	0.000915956		
1.41479993	-16.68280983	0.943199976	0.00327031		
1.41599993	-16.67505646	0.943999976	0.004879634		
1.41719993	-16.65708542	0.944799976	0.003890569		
1.41839993	-16.63965416	0.945599976	0.002375889		
1.41959993	-16.66009521	0.946399976	0.000800419		
1.42079993	-16.70220566	0.947199976	0.001335251		
1.42199993	-16.71133804	0.947999976	0.002281375		
1.42319993	-16.68304062	0.948799976	0.004026201		
1.424399929	-16.64548111	0.949599976	0.004079374		
1.425599929	-16.63535309				
1.426799929	-16.6527977				
1.427999929	-16.6441021				
1.429199929	-16.63813019				
1.430399929	-16.66450119				
1.431599929	-16.69660568				
1.432799929	-16.70485306				
1.433999929	-16.68531036				
1.435199929	-16.67202759				
1.436399929	-16.64595032				
1.437599929	-16.64616013				
1.438799929	-16.65999794				
1.439999929	-16.67231941				
1.441199929	-16.69000244				
1.442399929	-16.68630981				
1.443599929	-16.66969299				
1.444799928	-16.65629578				
1.445999928	-16.64536476				
1.447199928	-16.63325882				
1.448399928	-16.6348381				
1.449599928	-16.67110825				
1.450799928	-16.71051407				
1.451999928	-16.72661591				
1.453199928	-16.69931412				
1.454399928	-16.67137909				
1.455599928	-16.66461182				
1.456799928	-16.66389084				
1.457999928	-16.64746475				
1.459199928	-16.63587952				
1.460399928	-16.64869881				
1.461599928	-16.68313599				
1.462799928	-16.69598198				
1.463999928	-16.6733284				
1.465199927	-16.64620209				
1.466399927	-16.62923241				
1.467599927	-16.63179016				
1.468799927	-16.63879776				
1.469999927	-16.67154312				
1.471199927	-16.70734787				
1.472399927	-16.69674683				
1.473599927	-16.68058014				
1.474799927	-16.67017937				
1.475999927	-16.6614151				
1.477199927	-16.64973068				
1.478399927	-16.6389389				
1.479599927	-16.65476036				
1.480799927	-16.69089127				
1.481999927	-16.69496536				
1.483199927	-16.66312599				
1.484399926	-16.64460945				
1.485599926	-16.65089417				
1.486799926	-16.66283035				
1.487999926	-16.64907837				
1.489199926	-16.65167236				
1.490399926	-16.67827225				
1.491599926	-16.7161026				
1.492799926	-16.71739769				
1.493999926	-16.68491554				
1.495199926	-16.64941597				
1.496399926	-16.63599777				
1.497599926	-16.64719772				
1.498799926	-16.6540699				
1.499999926	-16.67295456				
1.501199926	-16.6998558				
1.502399926	-16.69638443				
1.503599926	-16.6782341				
1.504799925	-16.67390442				
1.505999925	-16.65290451				
1.507199925	-16.6340065				
1.508399925	-16.62592888				
1.509599925	-16.65650368				
1.510799925	-16.71109009				
1.511999925	-16.71642303				
1.513199925	-16.68907166				
1.514399925	-16.65464783				
1.515599925	-16.63953781				
1.516799925	-16.63941193				
1.517999925	-16.62612915				
1.519199925	-16.63082886				
1.520399925	-16.67009544				
1.521599925	-16.69544601				
1.522799925	-16.69246674				
1.523999925	-16.66786957				
1.525199924	-16.63812256				
1.526399924	-16.6305542				
1.527599924	-16.64864922				
1.528799924	-16.66773796				
1.529999924	-16.68604279				
1.531199924	-16.70299149				
1.532399924	-16.69921684				
1.533599924	-16.68590927				
1.534799924	-16.67080307				
1.535999924	-16.64791489				
1.537199924	-16.63625526				
1.538399924	-16.63739777				
1.539599924	-16.66718102				
1.540799924	-16.7012043				
1.541999924	-16.69619751				
1.543199924	-16.66811371				
1.544399924	-16.65569496				
1.545599923	-16.65485382				
1.546799923	-16.64805603				
1.547999923	-16.64852142				
1.549199923	-16.6513958				
1.550399923	-16.6661644				
1.551599923	-16.69497871				
1.552799923	-16.69625473				
1.553999923	-16.67853928				
1.555199923	-16.6541214				
1.556399923	-16.62647629				
1.557599923	-16.63315201				
1.558799923	-16.64808273				
1.559999923	-16.67243958				
1.561199923	-16.68869781				
1.562399923	-16.68525887				
1.563599923	-16.66625595				
1.564799923	-16.66090584				
1.565999922	-16.64799881				
1.567199922	-16.63181686				
1.568399922	-16.61581802				
1.569599922	-16.64394379				
1.570799922	-16.70074844				
1.571999922	-16.71022415				
1.573199922	-16.6764183				
1.574399922	-16.64980316				
1.575599922	-16.64705658				
1.576799922	-16.65272522				
1.577999922	-16.58667755				
1.579199922	-16.31414413				
1.580399922	-15.7748642				
1.581599922	-14.99723244				
1.582799922	-13.9785738				
1.583999922	-12.74978447				
1.585199922	-11.33945656				
1.586399921	-9.704629898				
1.587599921	-7.912169456				
1.588799921	-6.101109505				
1.589999921	-4.573075294				
1.591199921	-3.342254639				
1.592399921	-2.30985117				
1.593599921	-1.433049679				
1.594799921	-0.744715869				
1.595999921	-0.281708091				
1.597199921	-0.029007232				
1.598399921	0.018452611				
1.599599921	-0.072308272				
1.600799921	-0.108660325				
1.601999921	-0.09499073				
1.603199921	-0.063799024				
1.604399921	-0.032263689				
1.60559992	-0.011030394				
1.60679992	-2.101E-05				
1.60799992	0.002295382				
1.60919992	-0.000525257				
1.61039992	-5.71016E-05				
1.61159992	0.002171418				
1.61279992	0.002576439				
1.61399992	0.004007691				
1.61519992	0.000954362				
1.61639992	0.001302465				
1.61759992	0.001491841				
1.61879992	0.004458734				
1.61999992	0.00348995				
1.62119992	0.000217512				
1.62239992	0.000797351				
1.62359992	0.005928685				
1.62479992	0.003361578				
1.625999919	0.002061853				
1.627199919	0.00301012				
1.628399919	0.003148337				
1.629599919	0.004980546				
1.630799919	0.005723964				
1.631999919	0.005595881				
1.633199919	0.005677699				
1.634399919	0.00531809				
1.635599919	0.000315926				
1.636799919	7.71138E-05				
1.637999919	0.002282945				
1.639199919	0.004554914				
1.640399919	0.006385538				
1.641599919	0.006225548				
1.642799919	0.007484991				
1.643999919	0.006435976				
1.645199919	0.006896889				
1.646399918	0.008033318				
1.647599918	0.008058061				
1.648799918	0.007837258				
